<Bundle xmlns="http://hl7.org/fhir" xmlns:xsi="http://www.w3.org/2001/XMLSchema-instance" xsi:schemaLocation="http://hl7.org/fhir ../fhir-all-xsd/fhir-single.xsd">
  <id value="10bb101f-a121-4264-a920-67be9cb82c74" />
  <type value="message" />
  <entry>
    <fullUrl value="urn:uuid:1cbdfb97-5859-48a4-8301-d54eab818d68" />
    <resource>
      <MessageHeader>
        <id value="1cbdfb97-5859-48a4-8301-d54eab818d68" />
        <event>
          <system value="http://ehelse.no/fhir/ValueSet/vkp-message-event-v05" />
          <code value="MedicationDispense" />
        </event>
        <receiver>
          <identifier>
            <system value="http://ehelse.no/fhir/identifiertypes/HERID" />
            <value value="102287" />
          </identifier>
          <display value="Sykepleietjeneste, pleie- og omsorg" />
        </receiver>
        <sender>
          <identifier>
            <system value="http://ehelse.no/fhir/identifiertypes/HERID" />
            <value value="95341" />
          </identifier>
          <display value="Velferdpoclev1" />
        </sender>
        <timestamp value="2012-01-04T09:10:14+00:00" />
        <source>
          <endpoint value="http://ehelse.no/fhir/identifiertypes/HERID:95341" />
        </source>
        <focus>
          <reference value="urn:uuid:ef91399e-8993-11e7-bb31-be2e44b06b34" />
          <display value="MedicationDispense" />
        </focus>
      </MessageHeader>
    </resource>
  </entry>
  <entry>
    <fullUrl value="urn:uuid:ef91399e-8993-11e7-bb31-be2e44b06b34" />
    <resource>
      <MedicationDispense>
        <id value="ef91399e-8993-11e7-bb31-be2e44b06b34" />
        <meta>
			<profile value="http://ehelse.no/fhir/StructureDefinition/vkp-MedicationDispense-v05"/>
		</meta>
        <identifier>
          <system value="http://dignio.no/medisindispenser-event-id" />
          <value value="urn:uuid:c42984fc-8ca8-48d7-8bbf-7fe5503c49a9" />
        </identifier>
        <status value="completed" />
        <category>
          <coding>
            <system value="http://ehelse.no/fhir/ValueSet/vkp-medicationdispense-events-v05" />
            <code value="2"/>
			<display value="medisin_ikke_utlevert" />
          </coding>
        </category>
        <medicationCodeableConcept>
          <text value="Ukjent medisin" />
        </medicationCodeableConcept>
        <subject>
          <identifier>
            <system value="http://ehelse.no/fhir/identifiertypes/FNR" />
            <value value="05073500186" />
          </identifier>
          <display value="Ærlend Sørgård" />
        </subject>
		<performer>
			<actor>
          <identifier>
            <system value="http://dignio.no/IMEInummer" />
            <value value="123456789101112" />
          </identifier>
          <display value="Medido multidosesdispenser"/>
        </actor>
      </performer>
			<whenHandedOver value="2017-05-09T10:00:00.936+02:00"/>
      </MedicationDispense>
    </resource>
  </entry>
</Bundle>