<?xml version="1.0" encoding="utf-8"?>
<ValueSet xmlns="http://hl7.org/fhir">
  <id value="vkp-medicationdispense-message-status-v05" />
  <meta>
    <lastUpdated value="2017-09-12T14:56:08.812+02:00" />
  </meta>
  <url value="http://ehelse.no/fhir/ValueSet/vkp-medicationdispense-message-status-v05" />
  <version value="0.5" />
  <name value="vkp-medicationdispense-message-status-v05" />
  <status value="draft" />
  <publisher value="Direktoratet for e-helse" />
  <compose>
    <include>
      <system value="http://hl7.org/fhir/ValueSet/medication-admin-status" />
      <concept>
        <code value="in-progress" />
      </concept>
      <concept>
        <code value="completed" />
      </concept>
    </include>
  </compose>
</ValueSet>