<?xml version="1.0" encoding="utf-8"?>
<ValueSet xmlns="http://hl7.org/fhir">
    <id value="vkp-medicationdispense-events-v05" />
    <url value="http://ehelse.no/fhir/ValueSet/vkp-medicationdispense-events-v05" />
    <version value="0.5" />
    <name value="vkp-medicationdispense-events-v05" />
    <status value="draft" />
    <experimental value="true" />
    <publisher value="Direktoratet for e-helse" />
    <immutable value="false" />
    <compose>
        <include>
            <system value="http://ehelse.no/fhir/CodeSystem/vkp-medicationdispense-events-v05" />
        </include>
    </compose>
</ValueSet>