<ValueSet xmlns="http://hl7.org/fhir">
  <id value="kikj-typeCriticalInfoVerifiedNoKnown-valueset" />
  <meta>
    <lastUpdated value="2018-01-12T09:28:36.82+01:00" />
  </meta>
  <url value="http://ehelse.no/fhir/ki/STU3/CodeSystem/kikj-typeCriticalInfoVerifiedNoKnown-valueset" />
  <version value="0.1" />
  <name value="kikj-typeCriticalInfoVerifiedNoKnown-valueset" />
  <status value="draft" />
  <experimental value="true" />
  <publisher value="Direktoratet for e-helse" />
  <immutable value="false" />
  <compose>
    <include>
      <system value="http://ehelse.no/fhir/ki/STU3/CodeSystem/kikj-typeCriticalInfoVerifiedNoKnown" />
    </include>
  </compose>
</ValueSet>