﻿<?xml version="1.0" encoding="utf-8"?>
<StructureDefinition xmlns="http://hl7.org/fhir">
  <id value="vkp-additionalpositiondata-v05" />
  <meta>
    <lastUpdated value="2017-12-19T15:40:30.177+01:00" />
  </meta>
  <url value="http://ehelse.no/fhir/StructureDefinition/vkp-additionalpositiondata-v05" />
  <version value="0.2" />
  <name value="vkp-additionalpositiondata" />
  <status value="draft" />
  <date value="2017-05-09T16:53:54.8520187+02:00" />
  <publisher value="The Norwegian Directorate of eHealth" />
  <description value="Additional information about the geoposition measurement for the PCH in Norway. Contains timestamp, altitudeMeters, horizontal accuracy, vertical accuracy, velocity and direction of travel" />
  <fhirVersion value="3.0.0" />
  <kind value="resource" />
  <abstract value="false" />
  <contextType value="resource" />
  <context value="Location" />
  <context value="Flag" />
  <type value="Extension" />
  <baseDefinition value="http://hl7.org/fhir/StructureDefinition/Extension" />
  <derivation value="constraint" />
  <snapshot>
    <element id="Extension">
      <path value="Extension" />
      <short value="Additional postition data" />
      <definition value="Additional position data describing the position measurement contains timestamp, altitudeMeters, horizontal accuracy, vertical accuracy, velocity and direction of travel" />
      <min value="0" />
      <max value="*" />
      <base>
        <path value="Element" />
        <min value="0" />
        <max value="*" />
      </base>
      <condition value="ele-1" />
      <constraint>
        <key value="ele-1" />
        <severity value="error" />
        <human value="All FHIR elements must have a @value or children" />
        <expression value="hasValue() | (children().count() &gt; id.count())" />
        <xpath value="@value|f:*|h:div" />
      </constraint>
      <constraint>
        <key value="ext-1" />
        <severity value="error" />
        <human value="Must have either extensions or value[x], not both" />
        <expression value="extension.exists() != value.exists()" />
        <xpath value="exists(f:extension)!=exists(f:*[starts-with(local-name(.), 'value')])" />
      </constraint>
      <mapping>
        <identity value="rim" />
        <map value="n/a" />
      </mapping>
      <mapping>
        <identity value="rim" />
        <map value="N/A" />
      </mapping>
    </element>
    <element id="Extension.id">
      <path value="Extension.id" />
      <representation value="xmlAttr" />
      <short value="xml:id (or equivalent in JSON)" />
      <definition value="unique id for the element within a resource (for internal references). This may be any string value that does not contain spaces." />
      <comment value="Note that FHIR strings may not exceed 1MB in size" />
      <min value="0" />
      <max value="1" />
      <base>
        <path value="Element.id" />
        <min value="0" />
        <max value="1" />
      </base>
      <type>
        <code value="string" />
      </type>
      <condition value="ele-1" />
      <constraint>
        <key value="ele-1" />
        <severity value="error" />
        <human value="All FHIR elements must have a @value or children" />
        <expression value="hasValue() | (children().count() &gt; id.count())" />
        <xpath value="@value|f:*|h:div" />
      </constraint>
      <mapping>
        <identity value="rim" />
        <map value="n/a" />
      </mapping>
    </element>
    <element id="Extension.extension">
      <path value="Extension.extension" />
      <slicing>
        <discriminator>
          <type value="value" />
          <path value="url" />
        </discriminator>
        <description value="Extensions are always sliced by (at least) url" />
        <rules value="open" />
      </slicing>
      <short value="Additional Content defined by implementations" />
      <definition value="May be used to represent additional information that is not part of the basic definition of the element. In order to make the use of extensions safe and manageable, there is a strict set of governance  applied to the definition and use of extensions. Though any implementer is allowed to define an extension, there is a set of requirements that SHALL be met as part of the definition of the extension." />
      <comment value="There can be no stigma associated with the use of extensions by any application, project, or standard - regardless of the institution or jurisdiction that uses or defines the extensions.  The use of extensions is what allows the FHIR specification to retain a core level of simplicity for everyone." />
      <alias value="extensions" />
      <alias value="user content" />
      <min value="0" />
      <max value="*" />
      <base>
        <path value="Element.extension" />
        <min value="0" />
        <max value="*" />
      </base>
      <type>
        <code value="Extension" />
      </type>
      <condition value="ele-1" />
      <constraint>
        <key value="ele-1" />
        <severity value="error" />
        <human value="All FHIR elements must have a @value or children" />
        <expression value="hasValue() | (children().count() &gt; id.count())" />
        <xpath value="@value|f:*|h:div" />
      </constraint>
      <constraint>
        <key value="ext-1" />
        <severity value="error" />
        <human value="Must have either extensions or value[x], not both" />
        <expression value="extension.exists() != value.exists()" />
        <xpath value="exists(f:extension)!=exists(f:*[starts-with(local-name(.), 'value')])" />
      </constraint>
      <mapping>
        <identity value="rim" />
        <map value="n/a" />
      </mapping>
      <mapping>
        <identity value="rim" />
        <map value="N/A" />
      </mapping>
    </element>
    <element id="Extension.extension:timestamp">
      <path value="Extension.extension" />
      <sliceName value="timestamp" />
      <short value="Timestamp for the measurement" />
      <definition value="Timestamp describing when the device recorded the measurement. Basic timestamp with UTC offset" />
      <comment value="There can be no stigma associated with the use of extensions by any application, project, or standard - regardless of the institution or jurisdiction that uses or defines the extensions.  The use of extensions is what allows the FHIR specification to retain a core level of simplicity for everyone." />
      <alias value="extensions" />
      <alias value="user content" />
      <min value="0" />
      <max value="*" />
      <base>
        <path value="Element.extension" />
        <min value="0" />
        <max value="*" />
      </base>
      <type>
        <code value="Extension" />
      </type>
      <condition value="ele-1" />
      <constraint>
        <key value="ele-1" />
        <severity value="error" />
        <human value="All FHIR elements must have a @value or children" />
        <expression value="hasValue() | (children().count() &gt; id.count())" />
        <xpath value="@value|f:*|h:div" />
      </constraint>
      <constraint>
        <key value="ext-1" />
        <severity value="error" />
        <human value="Must have either extensions or value[x], not both" />
        <expression value="extension.exists() != value.exists()" />
        <xpath value="exists(f:extension)!=exists(f:*[starts-with(local-name(.), 'value')])" />
      </constraint>
      <mapping>
        <identity value="rim" />
        <map value="n/a" />
      </mapping>
      <mapping>
        <identity value="rim" />
        <map value="N/A" />
      </mapping>
    </element>
    <element id="Extension.extension:timestamp.id">
      <path value="Extension.extension.id" />
      <representation value="xmlAttr" />
      <short value="xml:id (or equivalent in JSON)" />
      <definition value="unique id for the element within a resource (for internal references). This may be any string value that does not contain spaces." />
      <comment value="Note that FHIR strings may not exceed 1MB in size" />
      <min value="0" />
      <max value="1" />
      <base>
        <path value="Element.id" />
        <min value="0" />
        <max value="1" />
      </base>
      <type>
        <code value="string" />
      </type>
      <condition value="ele-1" />
      <constraint>
        <key value="ele-1" />
        <severity value="error" />
        <human value="All FHIR elements must have a @value or children" />
        <expression value="hasValue() | (children().count() &gt; id.count())" />
        <xpath value="@value|f:*|h:div" />
      </constraint>
      <mapping>
        <identity value="rim" />
        <map value="n/a" />
      </mapping>
    </element>
    <element id="Extension.extension:timestamp.extension">
      <path value="Extension.extension.extension" />
      <slicing>
        <discriminator>
          <type value="value" />
          <path value="url" />
        </discriminator>
        <description value="Extensions are always sliced by (at least) url" />
        <rules value="open" />
      </slicing>
      <short value="Additional Content defined by implementations" />
      <definition value="May be used to represent additional information that is not part of the basic definition of the element. In order to make the use of extensions safe and manageable, there is a strict set of governance  applied to the definition and use of extensions. Though any implementer is allowed to define an extension, there is a set of requirements that SHALL be met as part of the definition of the extension." />
      <comment value="There can be no stigma associated with the use of extensions by any application, project, or standard - regardless of the institution or jurisdiction that uses or defines the extensions.  The use of extensions is what allows the FHIR specification to retain a core level of simplicity for everyone." />
      <alias value="extensions" />
      <alias value="user content" />
      <min value="0" />
      <max value="*" />
      <base>
        <path value="Element.extension" />
        <min value="0" />
        <max value="*" />
      </base>
      <type>
        <code value="Extension" />
      </type>
      <condition value="ele-1" />
      <constraint>
        <key value="ele-1" />
        <severity value="error" />
        <human value="All FHIR elements must have a @value or children" />
        <expression value="hasValue() | (children().count() &gt; id.count())" />
        <xpath value="@value|f:*|h:div" />
      </constraint>
      <constraint>
        <key value="ext-1" />
        <severity value="error" />
        <human value="Must have either extensions or value[x], not both" />
        <expression value="extension.exists() != value.exists()" />
        <xpath value="exists(f:extension)!=exists(f:*[starts-with(local-name(.), 'value')])" />
      </constraint>
      <mapping>
        <identity value="rim" />
        <map value="n/a" />
      </mapping>
      <mapping>
        <identity value="rim" />
        <map value="N/A" />
      </mapping>
    </element>
    <element id="Extension.extension:timestamp.url">
      <path value="Extension.extension.url" />
      <representation value="xmlAttr" />
      <short value="identifies the meaning of the extension" />
      <definition value="Source of the definition for the extension code - a logical name or a URL." />
      <comment value="The definition may point directly to a computable or human-readable definition of the extensibility codes, or it may be a logical URI as declared in some other specification. The definition SHALL be a URI for the Structure Definition defining the extension." />
      <min value="1" />
      <max value="1" />
      <base>
        <path value="Extension.url" />
        <min value="1" />
        <max value="1" />
      </base>
      <type>
        <code value="uri" />
      </type>
      <fixedUri value="timestamp" />
      <condition value="ele-1" />
      <constraint>
        <key value="ele-1" />
        <severity value="error" />
        <human value="All FHIR elements must have a @value or children" />
        <expression value="hasValue() | (children().count() &gt; id.count())" />
        <xpath value="@value|f:*|h:div" />
      </constraint>
      <mapping>
        <identity value="rim" />
        <map value="n/a" />
      </mapping>
      <mapping>
        <identity value="rim" />
        <map value="N/A" />
      </mapping>
    </element>
    <element id="Extension.extension:timestamp.valueDateTime:timestamp">
      <path value="Extension.extension.valueDateTime" />
      <sliceName value="timestamp" />
      <short value="Value of extension" />
      <definition value="Value of extension - may be a resource or one of a constrained set of the data types (see Extensibility in the spec for list)." />
      <comment value="A stream of bytes, base64 encoded" />
      <min value="1" />
      <max value="1" />
      <base>
        <path value="Extension.value[x]" />
        <min value="0" />
        <max value="1" />
      </base>
      <type>
        <code value="dateTime" />
      </type>
      <condition value="ele-1" />
      <constraint>
        <key value="ele-1" />
        <severity value="error" />
        <human value="All FHIR elements must have a @value or children" />
        <expression value="hasValue() | (children().count() &gt; id.count())" />
        <xpath value="@value|f:*|h:div" />
      </constraint>
      <mapping>
        <identity value="rim" />
        <map value="n/a" />
      </mapping>
      <mapping>
        <identity value="rim" />
        <map value="N/A" />
      </mapping>
    </element>
    <element id="Extension.extension:altitudeMeters">
      <path value="Extension.extension" />
      <sliceName value="altitudeMeters" />
      <short value="Recorded altitude in meters" />
      <definition value="The recorded altitude by the device, measured in meters" />
      <comment value="There can be no stigma associated with the use of extensions by any application, project, or standard - regardless of the institution or jurisdiction that uses or defines the extensions.  The use of extensions is what allows the FHIR specification to retain a core level of simplicity for everyone." />
      <alias value="extensions" />
      <alias value="user content" />
      <min value="0" />
      <max value="*" />
      <base>
        <path value="Element.extension" />
        <min value="0" />
        <max value="*" />
      </base>
      <type>
        <code value="Extension" />
      </type>
      <condition value="ele-1" />
      <constraint>
        <key value="ele-1" />
        <severity value="error" />
        <human value="All FHIR elements must have a @value or children" />
        <expression value="hasValue() | (children().count() &gt; id.count())" />
        <xpath value="@value|f:*|h:div" />
      </constraint>
      <constraint>
        <key value="ext-1" />
        <severity value="error" />
        <human value="Must have either extensions or value[x], not both" />
        <expression value="extension.exists() != value.exists()" />
        <xpath value="exists(f:extension)!=exists(f:*[starts-with(local-name(.), 'value')])" />
      </constraint>
      <mapping>
        <identity value="rim" />
        <map value="n/a" />
      </mapping>
      <mapping>
        <identity value="rim" />
        <map value="N/A" />
      </mapping>
    </element>
    <element id="Extension.extension:altitudeMeters.id">
      <path value="Extension.extension.id" />
      <representation value="xmlAttr" />
      <short value="xml:id (or equivalent in JSON)" />
      <definition value="unique id for the element within a resource (for internal references). This may be any string value that does not contain spaces." />
      <comment value="Note that FHIR strings may not exceed 1MB in size" />
      <min value="0" />
      <max value="1" />
      <base>
        <path value="Element.id" />
        <min value="0" />
        <max value="1" />
      </base>
      <type>
        <code value="string" />
      </type>
      <condition value="ele-1" />
      <constraint>
        <key value="ele-1" />
        <severity value="error" />
        <human value="All FHIR elements must have a @value or children" />
        <expression value="hasValue() | (children().count() &gt; id.count())" />
        <xpath value="@value|f:*|h:div" />
      </constraint>
      <mapping>
        <identity value="rim" />
        <map value="n/a" />
      </mapping>
    </element>
    <element id="Extension.extension:altitudeMeters.extension">
      <path value="Extension.extension.extension" />
      <slicing>
        <discriminator>
          <type value="value" />
          <path value="url" />
        </discriminator>
        <description value="Extensions are always sliced by (at least) url" />
        <rules value="open" />
      </slicing>
      <short value="Additional Content defined by implementations" />
      <definition value="May be used to represent additional information that is not part of the basic definition of the element. In order to make the use of extensions safe and manageable, there is a strict set of governance  applied to the definition and use of extensions. Though any implementer is allowed to define an extension, there is a set of requirements that SHALL be met as part of the definition of the extension." />
      <comment value="There can be no stigma associated with the use of extensions by any application, project, or standard - regardless of the institution or jurisdiction that uses or defines the extensions.  The use of extensions is what allows the FHIR specification to retain a core level of simplicity for everyone." />
      <alias value="extensions" />
      <alias value="user content" />
      <min value="0" />
      <max value="*" />
      <base>
        <path value="Element.extension" />
        <min value="0" />
        <max value="*" />
      </base>
      <type>
        <code value="Extension" />
      </type>
      <condition value="ele-1" />
      <constraint>
        <key value="ele-1" />
        <severity value="error" />
        <human value="All FHIR elements must have a @value or children" />
        <expression value="hasValue() | (children().count() &gt; id.count())" />
        <xpath value="@value|f:*|h:div" />
      </constraint>
      <constraint>
        <key value="ext-1" />
        <severity value="error" />
        <human value="Must have either extensions or value[x], not both" />
        <expression value="extension.exists() != value.exists()" />
        <xpath value="exists(f:extension)!=exists(f:*[starts-with(local-name(.), 'value')])" />
      </constraint>
      <mapping>
        <identity value="rim" />
        <map value="n/a" />
      </mapping>
      <mapping>
        <identity value="rim" />
        <map value="N/A" />
      </mapping>
    </element>
    <element id="Extension.extension:altitudeMeters.url">
      <path value="Extension.extension.url" />
      <representation value="xmlAttr" />
      <short value="identifies the meaning of the extension" />
      <definition value="Source of the definition for the extension code - a logical name or a URL." />
      <comment value="The definition may point directly to a computable or human-readable definition of the extensibility codes, or it may be a logical URI as declared in some other specification. The definition SHALL be a URI for the Structure Definition defining the extension." />
      <min value="1" />
      <max value="1" />
      <base>
        <path value="Extension.url" />
        <min value="1" />
        <max value="1" />
      </base>
      <type>
        <code value="uri" />
      </type>
      <fixedUri value="altitudeMeters" />
      <condition value="ele-1" />
      <constraint>
        <key value="ele-1" />
        <severity value="error" />
        <human value="All FHIR elements must have a @value or children" />
        <expression value="hasValue() | (children().count() &gt; id.count())" />
        <xpath value="@value|f:*|h:div" />
      </constraint>
      <mapping>
        <identity value="rim" />
        <map value="n/a" />
      </mapping>
      <mapping>
        <identity value="rim" />
        <map value="N/A" />
      </mapping>
    </element>
    <element id="Extension.extension:altitudeMeters.value[x]:valueQuantity">
      <path value="Extension.extension.valueQuantity" />
      <sliceName value="valueQuantity" />
      <short value="Value of extension" />
      <definition value="Value of extension - may be a resource or one of a constrained set of the data types (see Extensibility in the spec for list)." />
      <comment value="A stream of bytes, base64 encoded" />
      <min value="0" />
      <max value="1" />
      <base>
        <path value="Extension.value[x]" />
        <min value="0" />
        <max value="1" />
      </base>
      <type>
        <code value="Quantity" />
      </type>
      <condition value="ele-1" />
      <constraint>
        <key value="ele-1" />
        <severity value="error" />
        <human value="All FHIR elements must have a @value or children" />
        <expression value="hasValue() | (children().count() &gt; id.count())" />
        <xpath value="@value|f:*|h:div" />
      </constraint>
      <mapping>
        <identity value="rim" />
        <map value="n/a" />
      </mapping>
      <mapping>
        <identity value="rim" />
        <map value="N/A" />
      </mapping>
    </element>
    <element id="Extension.extension:altitudeMeters.value[x]:valueQuantity.id">
      <path value="Extension.extension.valueQuantity.id" />
      <representation value="xmlAttr" />
      <short value="xml:id (or equivalent in JSON)" />
      <definition value="unique id for the element within a resource (for internal references). This may be any string value that does not contain spaces." />
      <comment value="Note that FHIR strings may not exceed 1MB in size" />
      <min value="0" />
      <max value="1" />
      <base>
        <path value="Element.id" />
        <min value="0" />
        <max value="1" />
      </base>
      <type>
        <code value="string" />
      </type>
      <condition value="ele-1" />
      <constraint>
        <key value="ele-1" />
        <severity value="error" />
        <human value="All FHIR elements must have a @value or children" />
        <expression value="hasValue() | (children().count() &gt; id.count())" />
        <xpath value="@value|f:*|h:div" />
      </constraint>
      <mapping>
        <identity value="rim" />
        <map value="n/a" />
      </mapping>
    </element>
    <element id="Extension.extension:altitudeMeters.value[x]:valueQuantity.extension">
      <path value="Extension.extension.valueQuantity.extension" />
      <slicing>
        <discriminator>
          <type value="value" />
          <path value="url" />
        </discriminator>
        <description value="Extensions are always sliced by (at least) url" />
        <rules value="open" />
      </slicing>
      <short value="Additional Content defined by implementations" />
      <definition value="May be used to represent additional information that is not part of the basic definition of the element. In order to make the use of extensions safe and manageable, there is a strict set of governance  applied to the definition and use of extensions. Though any implementer is allowed to define an extension, there is a set of requirements that SHALL be met as part of the definition of the extension." />
      <comment value="There can be no stigma associated with the use of extensions by any application, project, or standard - regardless of the institution or jurisdiction that uses or defines the extensions.  The use of extensions is what allows the FHIR specification to retain a core level of simplicity for everyone." />
      <alias value="extensions" />
      <alias value="user content" />
      <min value="0" />
      <max value="*" />
      <base>
        <path value="Element.extension" />
        <min value="0" />
        <max value="*" />
      </base>
      <type>
        <code value="Extension" />
      </type>
      <condition value="ele-1" />
      <constraint>
        <key value="ele-1" />
        <severity value="error" />
        <human value="All FHIR elements must have a @value or children" />
        <expression value="hasValue() | (children().count() &gt; id.count())" />
        <xpath value="@value|f:*|h:div" />
      </constraint>
      <constraint>
        <key value="ext-1" />
        <severity value="error" />
        <human value="Must have either extensions or value[x], not both" />
        <expression value="extension.exists() != value.exists()" />
        <xpath value="exists(f:extension)!=exists(f:*[starts-with(local-name(.), 'value')])" />
      </constraint>
      <mapping>
        <identity value="rim" />
        <map value="n/a" />
      </mapping>
      <mapping>
        <identity value="rim" />
        <map value="N/A" />
      </mapping>
    </element>
    <element id="Extension.extension:altitudeMeters.value[x]:valueQuantity.value">
      <path value="Extension.extension.valueQuantity.value" />
      <short value="Numerical value (with implicit precision)" />
      <definition value="The value of the measured amount. The value includes an implicit precision in the presentation of the value." />
      <comment value="The implicit precision in the value should always be honored. Monetary values have their own rules for handling precision (refer to standard accounting text books)." />
      <requirements value="Precision is handled implicitly in almost all cases of measurement." />
      <min value="0" />
      <max value="1" />
      <base>
        <path value="Quantity.value" />
        <min value="0" />
        <max value="1" />
      </base>
      <type>
        <code value="decimal" />
      </type>
      <condition value="ele-1" />
      <constraint>
        <key value="ele-1" />
        <severity value="error" />
        <human value="All FHIR elements must have a @value or children" />
        <expression value="hasValue() | (children().count() &gt; id.count())" />
        <xpath value="@value|f:*|h:div" />
      </constraint>
      <isSummary value="true" />
      <mapping>
        <identity value="rim" />
        <map value="n/a" />
      </mapping>
      <mapping>
        <identity value="v2" />
        <map value="SN.2  / CQ - N/A" />
      </mapping>
      <mapping>
        <identity value="rim" />
        <map value="PQ.value, CO.value, MO.value, IVL.high or IVL.low depending on the value" />
      </mapping>
    </element>
    <element id="valueQuantity:valueQuantity.comparator">
      <path value="Extension.extension.valueQuantity.comparator" />
      <short value="&lt; | &lt;= | &gt;= | &gt; - how to understand the value" />
      <definition value="How the value should be understood and represented - whether the actual value is greater or less than the stated value due to measurement issues; e.g. if the comparator is &quot;&lt;&quot; , then the real value is &lt; stated value." />
      <comment value="This is labeled as &quot;Is Modifier&quot; because the comparator modifies the interpretation of the value significantly. If there is no comparator, then there is no modification of the value." />
      <requirements value="Need a framework for handling measures where the value is &lt;5ug/L or &gt;400mg/L due to the limitations of measuring methodology." />
      <min value="0" />
      <max value="0" />
      <base>
        <path value="Quantity.comparator" />
        <min value="0" />
        <max value="1" />
      </base>
      <type>
        <code value="code" />
      </type>
      <meaningWhenMissing value="If there is no comparator, then there is no modification of the value" />
      <condition value="ele-1" />
      <constraint>
        <key value="ele-1" />
        <severity value="error" />
        <human value="All FHIR elements must have a @value or children" />
        <expression value="hasValue() | (children().count() &gt; id.count())" />
        <xpath value="@value|f:*|h:div" />
      </constraint>
      <isModifier value="true" />
      <isSummary value="true" />
      <binding>
        <extension url="http://hl7.org/fhir/StructureDefinition/elementdefinition-bindingName">
          <valueString value="QuantityComparator" />
        </extension>
        <strength value="required" />
        <description value="How the Quantity should be understood and represented." />
        <valueSetReference>
          <reference value="http://hl7.org/fhir/ValueSet/quantity-comparator" />
        </valueSetReference>
      </binding>
      <mapping>
        <identity value="rim" />
        <map value="n/a" />
      </mapping>
      <mapping>
        <identity value="v2" />
        <map value="SN.1  / CQ.1" />
      </mapping>
      <mapping>
        <identity value="rim" />
        <map value="IVL properties" />
      </mapping>
    </element>
    <element id="valueQuantity:valueQuantity.unit">
      <extension url="http://hl7.org/fhir/StructureDefinition/elementdefinition-translatable">
        <valueBoolean value="true" />
      </extension>
      <path value="Extension.extension.valueQuantity.unit" />
      <short value="Unit meters" />
      <definition value="A human-readable form of the unit." />
      <comment value="Note that FHIR strings may not exceed 1MB in size" />
      <requirements value="There are many representations for units of measure and in many contexts, particular representations are fixed and required. I.e. mcg for micrograms." />
      <min value="0" />
      <max value="1" />
      <base>
        <path value="Quantity.unit" />
        <min value="0" />
        <max value="1" />
      </base>
      <type>
        <code value="string" />
      </type>
      <fixedString value="m" />
      <condition value="ele-1" />
      <constraint>
        <key value="ele-1" />
        <severity value="error" />
        <human value="All FHIR elements must have a @value or children" />
        <expression value="hasValue() | (children().count() &gt; id.count())" />
        <xpath value="@value|f:*|h:div" />
      </constraint>
      <isSummary value="true" />
      <mapping>
        <identity value="rim" />
        <map value="n/a" />
      </mapping>
      <mapping>
        <identity value="v2" />
        <map value="(see OBX.6 etc.) / CQ.2" />
      </mapping>
      <mapping>
        <identity value="rim" />
        <map value="PQ.unit" />
      </mapping>
    </element>
    <element id="valueQuantity:valueQuantity.system">
      <path value="Extension.extension.valueQuantity.system" />
      <short value="System that defines coded unit form" />
      <definition value="The identification of the system that provides the coded form of the unit." />
      <comment value="see http://en.wikipedia.org/wiki/Uniform_resource_identifier" />
      <requirements value="Need to know the system that defines the coded form of the unit." />
      <min value="0" />
      <max value="0" />
      <base>
        <path value="Quantity.system" />
        <min value="0" />
        <max value="1" />
      </base>
      <type>
        <code value="uri" />
      </type>
      <condition value="ele-1" />
      <condition value="qty-3" />
      <constraint>
        <key value="ele-1" />
        <severity value="error" />
        <human value="All FHIR elements must have a @value or children" />
        <expression value="hasValue() | (children().count() &gt; id.count())" />
        <xpath value="@value|f:*|h:div" />
      </constraint>
      <isSummary value="true" />
      <mapping>
        <identity value="rim" />
        <map value="n/a" />
      </mapping>
      <mapping>
        <identity value="v2" />
        <map value="(see OBX.6 etc.) / CQ.2" />
      </mapping>
      <mapping>
        <identity value="rim" />
        <map value="CO.codeSystem, PQ.translation.codeSystem" />
      </mapping>
    </element>
    <element id="valueQuantity:valueQuantity.code">
      <path value="Extension.extension.valueQuantity.code" />
      <short value="Coded form of the unit" />
      <definition value="A computer processable form of the unit in some unit representation system." />
      <comment value="The preferred system is UCUM, but SNOMED CT can also be used (for customary units) or ISO 4217 for currency.  The context of use may additionally require a code from a particular system." />
      <requirements value="Need a computable form of the unit that is fixed across all forms. UCUM provides this for quantities, but SNOMED CT provides many units of interest." />
      <min value="0" />
      <max value="0" />
      <base>
        <path value="Quantity.code" />
        <min value="0" />
        <max value="1" />
      </base>
      <type>
        <code value="code" />
      </type>
      <condition value="ele-1" />
      <constraint>
        <key value="ele-1" />
        <severity value="error" />
        <human value="All FHIR elements must have a @value or children" />
        <expression value="hasValue() | (children().count() &gt; id.count())" />
        <xpath value="@value|f:*|h:div" />
      </constraint>
      <isSummary value="true" />
      <mapping>
        <identity value="rim" />
        <map value="n/a" />
      </mapping>
      <mapping>
        <identity value="v2" />
        <map value="(see OBX.6 etc.) / CQ.2" />
      </mapping>
      <mapping>
        <identity value="rim" />
        <map value="PQ.code, MO.currency, PQ.translation.code" />
      </mapping>
    </element>
    <element id="Extension.extension:horizontalAccuracy">
      <path value="Extension.extension" />
      <sliceName value="horizontalAccuracy" />
      <short value="The horizontal accuracy of the measurement" />
      <definition value="The horizontal accuracy of the position measurement in meters" />
      <comment value="There can be no stigma associated with the use of extensions by any application, project, or standard - regardless of the institution or jurisdiction that uses or defines the extensions.  The use of extensions is what allows the FHIR specification to retain a core level of simplicity for everyone." />
      <alias value="extensions" />
      <alias value="user content" />
      <min value="0" />
      <max value="1" />
      <base>
        <path value="Element.extension" />
        <min value="0" />
        <max value="*" />
      </base>
      <type>
        <code value="Extension" />
      </type>
      <condition value="ele-1" />
      <constraint>
        <key value="ele-1" />
        <severity value="error" />
        <human value="All FHIR elements must have a @value or children" />
        <expression value="hasValue() | (children().count() &gt; id.count())" />
        <xpath value="@value|f:*|h:div" />
      </constraint>
      <constraint>
        <key value="ext-1" />
        <severity value="error" />
        <human value="Must have either extensions or value[x], not both" />
        <expression value="extension.exists() != value.exists()" />
        <xpath value="exists(f:extension)!=exists(f:*[starts-with(local-name(.), 'value')])" />
      </constraint>
      <mapping>
        <identity value="rim" />
        <map value="n/a" />
      </mapping>
      <mapping>
        <identity value="rim" />
        <map value="N/A" />
      </mapping>
    </element>
    <element id="Extension.extension:horizontalAccuracy.id">
      <path value="Extension.extension.id" />
      <representation value="xmlAttr" />
      <short value="xml:id (or equivalent in JSON)" />
      <definition value="unique id for the element within a resource (for internal references). This may be any string value that does not contain spaces." />
      <comment value="Note that FHIR strings may not exceed 1MB in size" />
      <min value="0" />
      <max value="1" />
      <base>
        <path value="Element.id" />
        <min value="0" />
        <max value="1" />
      </base>
      <type>
        <code value="string" />
      </type>
      <condition value="ele-1" />
      <constraint>
        <key value="ele-1" />
        <severity value="error" />
        <human value="All FHIR elements must have a @value or children" />
        <expression value="hasValue() | (children().count() &gt; id.count())" />
        <xpath value="@value|f:*|h:div" />
      </constraint>
      <mapping>
        <identity value="rim" />
        <map value="n/a" />
      </mapping>
    </element>
    <element id="Extension.extension:horizontalAccuracy.extension">
      <path value="Extension.extension.extension" />
      <slicing>
        <discriminator>
          <type value="value" />
          <path value="url" />
        </discriminator>
        <description value="Extensions are always sliced by (at least) url" />
        <rules value="open" />
      </slicing>
      <short value="Additional Content defined by implementations" />
      <definition value="May be used to represent additional information that is not part of the basic definition of the element. In order to make the use of extensions safe and manageable, there is a strict set of governance  applied to the definition and use of extensions. Though any implementer is allowed to define an extension, there is a set of requirements that SHALL be met as part of the definition of the extension." />
      <comment value="There can be no stigma associated with the use of extensions by any application, project, or standard - regardless of the institution or jurisdiction that uses or defines the extensions.  The use of extensions is what allows the FHIR specification to retain a core level of simplicity for everyone." />
      <alias value="extensions" />
      <alias value="user content" />
      <min value="0" />
      <max value="*" />
      <base>
        <path value="Element.extension" />
        <min value="0" />
        <max value="*" />
      </base>
      <type>
        <code value="Extension" />
      </type>
      <condition value="ele-1" />
      <constraint>
        <key value="ele-1" />
        <severity value="error" />
        <human value="All FHIR elements must have a @value or children" />
        <expression value="hasValue() | (children().count() &gt; id.count())" />
        <xpath value="@value|f:*|h:div" />
      </constraint>
      <constraint>
        <key value="ext-1" />
        <severity value="error" />
        <human value="Must have either extensions or value[x], not both" />
        <expression value="extension.exists() != value.exists()" />
        <xpath value="exists(f:extension)!=exists(f:*[starts-with(local-name(.), 'value')])" />
      </constraint>
      <mapping>
        <identity value="rim" />
        <map value="n/a" />
      </mapping>
      <mapping>
        <identity value="rim" />
        <map value="N/A" />
      </mapping>
    </element>
    <element id="Extension.extension:horizontalAccuracy.url">
      <path value="Extension.extension.url" />
      <representation value="xmlAttr" />
      <short value="identifies the meaning of the extension" />
      <definition value="Source of the definition for the extension code - a logical name or a URL." />
      <comment value="The definition may point directly to a computable or human-readable definition of the extensibility codes, or it may be a logical URI as declared in some other specification. The definition SHALL be a URI for the Structure Definition defining the extension." />
      <min value="1" />
      <max value="1" />
      <base>
        <path value="Extension.url" />
        <min value="1" />
        <max value="1" />
      </base>
      <type>
        <code value="uri" />
      </type>
      <fixedUri value="horizontalAccuracy" />
      <condition value="ele-1" />
      <constraint>
        <key value="ele-1" />
        <severity value="error" />
        <human value="All FHIR elements must have a @value or children" />
        <expression value="hasValue() | (children().count() &gt; id.count())" />
        <xpath value="@value|f:*|h:div" />
      </constraint>
      <mapping>
        <identity value="rim" />
        <map value="n/a" />
      </mapping>
      <mapping>
        <identity value="rim" />
        <map value="N/A" />
      </mapping>
    </element>
    <element id="Extension.extension:horizontalAccuracy.value[x]">
      <path value="Extension.extension.valueDecimal" />
      <short value="Value of extension" />
      <definition value="Value of extension - may be a resource or one of a constrained set of the data types (see Extensibility in the spec for list)." />
      <comment value="A stream of bytes, base64 encoded" />
      <min value="0" />
      <max value="1" />
      <base>
        <path value="Extension.value[x]" />
        <min value="0" />
        <max value="1" />
      </base>
      <type>
        <code value="decimal" />
      </type>
      <condition value="ele-1" />
      <constraint>
        <key value="ele-1" />
        <severity value="error" />
        <human value="All FHIR elements must have a @value or children" />
        <expression value="hasValue() | (children().count() &gt; id.count())" />
        <xpath value="@value|f:*|h:div" />
      </constraint>
      <mapping>
        <identity value="rim" />
        <map value="n/a" />
      </mapping>
      <mapping>
        <identity value="rim" />
        <map value="N/A" />
      </mapping>
    </element>
    <element id="Extension.extension:verticalAccuracy">
      <path value="Extension.extension" />
      <sliceName value="verticalAccuracy" />
      <short value="The vertical accuracy of the position " />
      <definition value="The vertical accuracy of the position measurement in meters" />
      <comment value="There can be no stigma associated with the use of extensions by any application, project, or standard - regardless of the institution or jurisdiction that uses or defines the extensions.  The use of extensions is what allows the FHIR specification to retain a core level of simplicity for everyone." />
      <alias value="extensions" />
      <alias value="user content" />
      <min value="0" />
      <max value="1" />
      <base>
        <path value="Element.extension" />
        <min value="0" />
        <max value="*" />
      </base>
      <type>
        <code value="Extension" />
      </type>
      <condition value="ele-1" />
      <constraint>
        <key value="ele-1" />
        <severity value="error" />
        <human value="All FHIR elements must have a @value or children" />
        <expression value="hasValue() | (children().count() &gt; id.count())" />
        <xpath value="@value|f:*|h:div" />
      </constraint>
      <constraint>
        <key value="ext-1" />
        <severity value="error" />
        <human value="Must have either extensions or value[x], not both" />
        <expression value="extension.exists() != value.exists()" />
        <xpath value="exists(f:extension)!=exists(f:*[starts-with(local-name(.), 'value')])" />
      </constraint>
      <mapping>
        <identity value="rim" />
        <map value="n/a" />
      </mapping>
      <mapping>
        <identity value="rim" />
        <map value="N/A" />
      </mapping>
    </element>
    <element id="Extension.extension:verticalAccuracy.id">
      <path value="Extension.extension.id" />
      <representation value="xmlAttr" />
      <short value="xml:id (or equivalent in JSON)" />
      <definition value="unique id for the element within a resource (for internal references). This may be any string value that does not contain spaces." />
      <comment value="Note that FHIR strings may not exceed 1MB in size" />
      <min value="0" />
      <max value="1" />
      <base>
        <path value="Element.id" />
        <min value="0" />
        <max value="1" />
      </base>
      <type>
        <code value="string" />
      </type>
      <condition value="ele-1" />
      <constraint>
        <key value="ele-1" />
        <severity value="error" />
        <human value="All FHIR elements must have a @value or children" />
        <expression value="hasValue() | (children().count() &gt; id.count())" />
        <xpath value="@value|f:*|h:div" />
      </constraint>
      <mapping>
        <identity value="rim" />
        <map value="n/a" />
      </mapping>
    </element>
    <element id="Extension.extension:verticalAccuracy.extension">
      <path value="Extension.extension.extension" />
      <slicing>
        <discriminator>
          <type value="value" />
          <path value="url" />
        </discriminator>
        <description value="Extensions are always sliced by (at least) url" />
        <rules value="open" />
      </slicing>
      <short value="Additional Content defined by implementations" />
      <definition value="May be used to represent additional information that is not part of the basic definition of the element. In order to make the use of extensions safe and manageable, there is a strict set of governance  applied to the definition and use of extensions. Though any implementer is allowed to define an extension, there is a set of requirements that SHALL be met as part of the definition of the extension." />
      <comment value="There can be no stigma associated with the use of extensions by any application, project, or standard - regardless of the institution or jurisdiction that uses or defines the extensions.  The use of extensions is what allows the FHIR specification to retain a core level of simplicity for everyone." />
      <alias value="extensions" />
      <alias value="user content" />
      <min value="0" />
      <max value="*" />
      <base>
        <path value="Element.extension" />
        <min value="0" />
        <max value="*" />
      </base>
      <type>
        <code value="Extension" />
      </type>
      <condition value="ele-1" />
      <constraint>
        <key value="ele-1" />
        <severity value="error" />
        <human value="All FHIR elements must have a @value or children" />
        <expression value="hasValue() | (children().count() &gt; id.count())" />
        <xpath value="@value|f:*|h:div" />
      </constraint>
      <constraint>
        <key value="ext-1" />
        <severity value="error" />
        <human value="Must have either extensions or value[x], not both" />
        <expression value="extension.exists() != value.exists()" />
        <xpath value="exists(f:extension)!=exists(f:*[starts-with(local-name(.), 'value')])" />
      </constraint>
      <mapping>
        <identity value="rim" />
        <map value="n/a" />
      </mapping>
      <mapping>
        <identity value="rim" />
        <map value="N/A" />
      </mapping>
    </element>
    <element id="Extension.extension:verticalAccuracy.url">
      <path value="Extension.extension.url" />
      <representation value="xmlAttr" />
      <short value="identifies the meaning of the extension" />
      <definition value="Source of the definition for the extension code - a logical name or a URL." />
      <comment value="The definition may point directly to a computable or human-readable definition of the extensibility codes, or it may be a logical URI as declared in some other specification. The definition SHALL be a URI for the Structure Definition defining the extension." />
      <min value="1" />
      <max value="1" />
      <base>
        <path value="Extension.url" />
        <min value="1" />
        <max value="1" />
      </base>
      <type>
        <code value="uri" />
      </type>
      <fixedUri value="verticalAccuracy" />
      <condition value="ele-1" />
      <constraint>
        <key value="ele-1" />
        <severity value="error" />
        <human value="All FHIR elements must have a @value or children" />
        <expression value="hasValue() | (children().count() &gt; id.count())" />
        <xpath value="@value|f:*|h:div" />
      </constraint>
      <mapping>
        <identity value="rim" />
        <map value="n/a" />
      </mapping>
      <mapping>
        <identity value="rim" />
        <map value="N/A" />
      </mapping>
    </element>
    <element id="Extension.extension:verticalAccuracy.value[x]">
      <path value="Extension.extension.valueDecimal" />
      <short value="Value of extension" />
      <definition value="Value of extension - may be a resource or one of a constrained set of the data types (see Extensibility in the spec for list)." />
      <comment value="A stream of bytes, base64 encoded" />
      <min value="0" />
      <max value="1" />
      <base>
        <path value="Extension.value[x]" />
        <min value="0" />
        <max value="1" />
      </base>
      <type>
        <code value="decimal" />
      </type>
      <condition value="ele-1" />
      <constraint>
        <key value="ele-1" />
        <severity value="error" />
        <human value="All FHIR elements must have a @value or children" />
        <expression value="hasValue() | (children().count() &gt; id.count())" />
        <xpath value="@value|f:*|h:div" />
      </constraint>
      <mapping>
        <identity value="rim" />
        <map value="n/a" />
      </mapping>
      <mapping>
        <identity value="rim" />
        <map value="N/A" />
      </mapping>
    </element>
    <element id="Extension.extension:velocityMs">
      <path value="Extension.extension" />
      <sliceName value="velocityMs" />
      <short value="Recorded speed and direction of travel" />
      <definition value="Recorded speed and direction of travel as recorded by the device" />
      <comment value="There can be no stigma associated with the use of extensions by any application, project, or standard - regardless of the institution or jurisdiction that uses or defines the extensions.  The use of extensions is what allows the FHIR specification to retain a core level of simplicity for everyone." />
      <alias value="extensions" />
      <alias value="user content" />
      <min value="0" />
      <max value="*" />
      <base>
        <path value="Element.extension" />
        <min value="0" />
        <max value="*" />
      </base>
      <type>
        <code value="Extension" />
      </type>
      <condition value="ele-1" />
      <constraint>
        <key value="ele-1" />
        <severity value="error" />
        <human value="All FHIR elements must have a @value or children" />
        <expression value="hasValue() | (children().count() &gt; id.count())" />
        <xpath value="@value|f:*|h:div" />
      </constraint>
      <constraint>
        <key value="ext-1" />
        <severity value="error" />
        <human value="Must have either extensions or value[x], not both" />
        <expression value="extension.exists() != value.exists()" />
        <xpath value="exists(f:extension)!=exists(f:*[starts-with(local-name(.), 'value')])" />
      </constraint>
      <mapping>
        <identity value="rim" />
        <map value="n/a" />
      </mapping>
      <mapping>
        <identity value="rim" />
        <map value="N/A" />
      </mapping>
    </element>
    <element id="Extension.extension:velocityMs.id">
      <path value="Extension.extension.id" />
      <representation value="xmlAttr" />
      <short value="xml:id (or equivalent in JSON)" />
      <definition value="unique id for the element within a resource (for internal references). This may be any string value that does not contain spaces." />
      <comment value="Note that FHIR strings may not exceed 1MB in size" />
      <min value="0" />
      <max value="1" />
      <base>
        <path value="Element.id" />
        <min value="0" />
        <max value="1" />
      </base>
      <type>
        <code value="string" />
      </type>
      <condition value="ele-1" />
      <constraint>
        <key value="ele-1" />
        <severity value="error" />
        <human value="All FHIR elements must have a @value or children" />
        <expression value="hasValue() | (children().count() &gt; id.count())" />
        <xpath value="@value|f:*|h:div" />
      </constraint>
      <mapping>
        <identity value="rim" />
        <map value="n/a" />
      </mapping>
    </element>
    <element id="Extension.extension:velocityMs.extension">
      <path value="Extension.extension.extension" />
      <slicing>
        <discriminator>
          <type value="value" />
          <path value="url" />
        </discriminator>
        <description value="Extensions are always sliced by (at least) url" />
        <rules value="open" />
      </slicing>
      <short value="Additional Content defined by implementations" />
      <definition value="May be used to represent additional information that is not part of the basic definition of the element. In order to make the use of extensions safe and manageable, there is a strict set of governance  applied to the definition and use of extensions. Though any implementer is allowed to define an extension, there is a set of requirements that SHALL be met as part of the definition of the extension." />
      <comment value="There can be no stigma associated with the use of extensions by any application, project, or standard - regardless of the institution or jurisdiction that uses or defines the extensions.  The use of extensions is what allows the FHIR specification to retain a core level of simplicity for everyone." />
      <alias value="extensions" />
      <alias value="user content" />
      <min value="0" />
      <max value="*" />
      <base>
        <path value="Element.extension" />
        <min value="0" />
        <max value="*" />
      </base>
      <type>
        <code value="Extension" />
      </type>
      <condition value="ele-1" />
      <constraint>
        <key value="ele-1" />
        <severity value="error" />
        <human value="All FHIR elements must have a @value or children" />
        <expression value="hasValue() | (children().count() &gt; id.count())" />
        <xpath value="@value|f:*|h:div" />
      </constraint>
      <constraint>
        <key value="ext-1" />
        <severity value="error" />
        <human value="Must have either extensions or value[x], not both" />
        <expression value="extension.exists() != value.exists()" />
        <xpath value="exists(f:extension)!=exists(f:*[starts-with(local-name(.), 'value')])" />
      </constraint>
      <mapping>
        <identity value="rim" />
        <map value="n/a" />
      </mapping>
      <mapping>
        <identity value="rim" />
        <map value="N/A" />
      </mapping>
    </element>
    <element id="Extension.extension:velocityMs.extension:directionDecimalDegrees">
      <path value="Extension.extension.extension" />
      <sliceName value="directionDecimalDegrees" />
      <short value="Direction of travel" />
      <definition value="Direction of travel as measured by the device, annotated in Decimal degrees" />
      <comment value="There can be no stigma associated with the use of extensions by any application, project, or standard - regardless of the institution or jurisdiction that uses or defines the extensions.  The use of extensions is what allows the FHIR specification to retain a core level of simplicity for everyone." />
      <alias value="extensions" />
      <alias value="user content" />
      <min value="0" />
      <max value="*" />
      <base>
        <path value="Element.extension" />
        <min value="0" />
        <max value="*" />
      </base>
      <type>
        <code value="Extension" />
      </type>
      <condition value="ele-1" />
      <constraint>
        <key value="ele-1" />
        <severity value="error" />
        <human value="All FHIR elements must have a @value or children" />
        <expression value="hasValue() | (children().count() &gt; id.count())" />
        <xpath value="@value|f:*|h:div" />
      </constraint>
      <constraint>
        <key value="ext-1" />
        <severity value="error" />
        <human value="Must have either extensions or value[x], not both" />
        <expression value="extension.exists() != value.exists()" />
        <xpath value="exists(f:extension)!=exists(f:*[starts-with(local-name(.), 'value')])" />
      </constraint>
      <mapping>
        <identity value="rim" />
        <map value="n/a" />
      </mapping>
      <mapping>
        <identity value="rim" />
        <map value="N/A" />
      </mapping>
    </element>
    <element id="Extension.extension:velocityMs.extension:directionDecimalDegrees.id">
      <path value="Extension.extension.extension.id" />
      <representation value="xmlAttr" />
      <short value="xml:id (or equivalent in JSON)" />
      <definition value="unique id for the element within a resource (for internal references). This may be any string value that does not contain spaces." />
      <comment value="Note that FHIR strings may not exceed 1MB in size" />
      <min value="0" />
      <max value="1" />
      <base>
        <path value="Element.id" />
        <min value="0" />
        <max value="1" />
      </base>
      <type>
        <code value="string" />
      </type>
      <condition value="ele-1" />
      <constraint>
        <key value="ele-1" />
        <severity value="error" />
        <human value="All FHIR elements must have a @value or children" />
        <expression value="hasValue() | (children().count() &gt; id.count())" />
        <xpath value="@value|f:*|h:div" />
      </constraint>
      <mapping>
        <identity value="rim" />
        <map value="n/a" />
      </mapping>
    </element>
    <element id="Extension.extension:velocityMs.extension:directionDecimalDegrees.extension">
      <path value="Extension.extension.extension.extension" />
      <slicing>
        <discriminator>
          <type value="value" />
          <path value="url" />
        </discriminator>
        <description value="Extensions are always sliced by (at least) url" />
        <rules value="open" />
      </slicing>
      <short value="Additional Content defined by implementations" />
      <definition value="May be used to represent additional information that is not part of the basic definition of the element. In order to make the use of extensions safe and manageable, there is a strict set of governance  applied to the definition and use of extensions. Though any implementer is allowed to define an extension, there is a set of requirements that SHALL be met as part of the definition of the extension." />
      <comment value="There can be no stigma associated with the use of extensions by any application, project, or standard - regardless of the institution or jurisdiction that uses or defines the extensions.  The use of extensions is what allows the FHIR specification to retain a core level of simplicity for everyone." />
      <alias value="extensions" />
      <alias value="user content" />
      <min value="0" />
      <max value="*" />
      <base>
        <path value="Element.extension" />
        <min value="0" />
        <max value="*" />
      </base>
      <type>
        <code value="Extension" />
      </type>
      <condition value="ele-1" />
      <constraint>
        <key value="ele-1" />
        <severity value="error" />
        <human value="All FHIR elements must have a @value or children" />
        <expression value="hasValue() | (children().count() &gt; id.count())" />
        <xpath value="@value|f:*|h:div" />
      </constraint>
      <constraint>
        <key value="ext-1" />
        <severity value="error" />
        <human value="Must have either extensions or value[x], not both" />
        <expression value="extension.exists() != value.exists()" />
        <xpath value="exists(f:extension)!=exists(f:*[starts-with(local-name(.), 'value')])" />
      </constraint>
      <mapping>
        <identity value="rim" />
        <map value="n/a" />
      </mapping>
      <mapping>
        <identity value="rim" />
        <map value="N/A" />
      </mapping>
    </element>
    <element id="Extension.extension:velocityMs.extension:directionDecimalDegrees.url">
      <path value="Extension.extension.extension.url" />
      <representation value="xmlAttr" />
      <short value="identifies the meaning of the extension" />
      <definition value="Source of the definition for the extension code - a logical name or a URL." />
      <comment value="The definition may point directly to a computable or human-readable definition of the extensibility codes, or it may be a logical URI as declared in some other specification. The definition SHALL be a URI for the Structure Definition defining the extension." />
      <min value="1" />
      <max value="1" />
      <base>
        <path value="Extension.url" />
        <min value="1" />
        <max value="1" />
      </base>
      <type>
        <code value="uri" />
      </type>
      <fixedUri value="directionDecimalDegrees" />
      <condition value="ele-1" />
      <constraint>
        <key value="ele-1" />
        <severity value="error" />
        <human value="All FHIR elements must have a @value or children" />
        <expression value="hasValue() | (children().count() &gt; id.count())" />
        <xpath value="@value|f:*|h:div" />
      </constraint>
      <mapping>
        <identity value="rim" />
        <map value="n/a" />
      </mapping>
      <mapping>
        <identity value="rim" />
        <map value="N/A" />
      </mapping>
    </element>
    <element id="Extension.extension:velocityMs.extension:directionDecimalDegrees.value[x]:valueDecimal">
      <path value="Extension.extension.extension.valueDecimal" />
      <sliceName value="valueDecimal" />
      <short value="Value of extension" />
      <definition value="Value of extension - may be a resource or one of a constrained set of the data types (see Extensibility in the spec for list)." />
      <comment value="A stream of bytes, base64 encoded" />
      <min value="0" />
      <max value="1" />
      <base>
        <path value="Extension.value[x]" />
        <min value="0" />
        <max value="1" />
      </base>
      <type>
        <code value="decimal" />
      </type>
      <condition value="ele-1" />
      <constraint>
        <key value="ele-1" />
        <severity value="error" />
        <human value="All FHIR elements must have a @value or children" />
        <expression value="hasValue() | (children().count() &gt; id.count())" />
        <xpath value="@value|f:*|h:div" />
      </constraint>
      <mapping>
        <identity value="rim" />
        <map value="n/a" />
      </mapping>
      <mapping>
        <identity value="rim" />
        <map value="N/A" />
      </mapping>
    </element>
    <element id="Extension.extension:velocityMs.extension:speedMs">
      <path value="Extension.extension.extension" />
      <sliceName value="speedMs" />
      <short value="The recorded speed" />
      <definition value="The speed as recorded by the device. Measured in m/s" />
      <comment value="There can be no stigma associated with the use of extensions by any application, project, or standard - regardless of the institution or jurisdiction that uses or defines the extensions.  The use of extensions is what allows the FHIR specification to retain a core level of simplicity for everyone." />
      <alias value="extensions" />
      <alias value="user content" />
      <min value="0" />
      <max value="*" />
      <base>
        <path value="Element.extension" />
        <min value="0" />
        <max value="*" />
      </base>
      <type>
        <code value="Extension" />
      </type>
      <condition value="ele-1" />
      <constraint>
        <key value="ele-1" />
        <severity value="error" />
        <human value="All FHIR elements must have a @value or children" />
        <expression value="hasValue() | (children().count() &gt; id.count())" />
        <xpath value="@value|f:*|h:div" />
      </constraint>
      <constraint>
        <key value="ext-1" />
        <severity value="error" />
        <human value="Must have either extensions or value[x], not both" />
        <expression value="extension.exists() != value.exists()" />
        <xpath value="exists(f:extension)!=exists(f:*[starts-with(local-name(.), 'value')])" />
      </constraint>
      <mapping>
        <identity value="rim" />
        <map value="n/a" />
      </mapping>
      <mapping>
        <identity value="rim" />
        <map value="N/A" />
      </mapping>
    </element>
    <element id="Extension.extension:velocityMs.extension:speedMs.id">
      <path value="Extension.extension.extension.id" />
      <representation value="xmlAttr" />
      <short value="xml:id (or equivalent in JSON)" />
      <definition value="unique id for the element within a resource (for internal references). This may be any string value that does not contain spaces." />
      <comment value="Note that FHIR strings may not exceed 1MB in size" />
      <min value="0" />
      <max value="1" />
      <base>
        <path value="Element.id" />
        <min value="0" />
        <max value="1" />
      </base>
      <type>
        <code value="string" />
      </type>
      <condition value="ele-1" />
      <constraint>
        <key value="ele-1" />
        <severity value="error" />
        <human value="All FHIR elements must have a @value or children" />
        <expression value="hasValue() | (children().count() &gt; id.count())" />
        <xpath value="@value|f:*|h:div" />
      </constraint>
      <mapping>
        <identity value="rim" />
        <map value="n/a" />
      </mapping>
    </element>
    <element id="Extension.extension:velocityMs.extension:speedMs.extension">
      <path value="Extension.extension.extension.extension" />
      <slicing>
        <discriminator>
          <type value="value" />
          <path value="url" />
        </discriminator>
        <description value="Extensions are always sliced by (at least) url" />
        <rules value="open" />
      </slicing>
      <short value="Additional Content defined by implementations" />
      <definition value="May be used to represent additional information that is not part of the basic definition of the element. In order to make the use of extensions safe and manageable, there is a strict set of governance  applied to the definition and use of extensions. Though any implementer is allowed to define an extension, there is a set of requirements that SHALL be met as part of the definition of the extension." />
      <comment value="There can be no stigma associated with the use of extensions by any application, project, or standard - regardless of the institution or jurisdiction that uses or defines the extensions.  The use of extensions is what allows the FHIR specification to retain a core level of simplicity for everyone." />
      <alias value="extensions" />
      <alias value="user content" />
      <min value="0" />
      <max value="*" />
      <base>
        <path value="Element.extension" />
        <min value="0" />
        <max value="*" />
      </base>
      <type>
        <code value="Extension" />
      </type>
      <condition value="ele-1" />
      <constraint>
        <key value="ele-1" />
        <severity value="error" />
        <human value="All FHIR elements must have a @value or children" />
        <expression value="hasValue() | (children().count() &gt; id.count())" />
        <xpath value="@value|f:*|h:div" />
      </constraint>
      <constraint>
        <key value="ext-1" />
        <severity value="error" />
        <human value="Must have either extensions or value[x], not both" />
        <expression value="extension.exists() != value.exists()" />
        <xpath value="exists(f:extension)!=exists(f:*[starts-with(local-name(.), 'value')])" />
      </constraint>
      <mapping>
        <identity value="rim" />
        <map value="n/a" />
      </mapping>
      <mapping>
        <identity value="rim" />
        <map value="N/A" />
      </mapping>
    </element>
    <element id="Extension.extension:velocityMs.extension:speedMs.url">
      <path value="Extension.extension.extension.url" />
      <representation value="xmlAttr" />
      <short value="identifies the meaning of the extension" />
      <definition value="Source of the definition for the extension code - a logical name or a URL." />
      <comment value="The definition may point directly to a computable or human-readable definition of the extensibility codes, or it may be a logical URI as declared in some other specification. The definition SHALL be a URI for the Structure Definition defining the extension." />
      <min value="1" />
      <max value="1" />
      <base>
        <path value="Extension.url" />
        <min value="1" />
        <max value="1" />
      </base>
      <type>
        <code value="uri" />
      </type>
      <fixedUri value="speedMs" />
      <condition value="ele-1" />
      <constraint>
        <key value="ele-1" />
        <severity value="error" />
        <human value="All FHIR elements must have a @value or children" />
        <expression value="hasValue() | (children().count() &gt; id.count())" />
        <xpath value="@value|f:*|h:div" />
      </constraint>
      <mapping>
        <identity value="rim" />
        <map value="n/a" />
      </mapping>
      <mapping>
        <identity value="rim" />
        <map value="N/A" />
      </mapping>
    </element>
    <element id="Extension.extension:velocityMs.extension:speedMs.value[x]:valueQuantity">
      <path value="Extension.extension.extension.valueQuantity" />
      <sliceName value="valueQuantity" />
      <short value="A measured or measurable amount" />
      <definition value="A measured amount (or an amount that can potentially be measured). Note that measured amounts include amounts that are not precisely quantified, including amounts involving arbitrary units and floating currencies." />
      <comment value="The context of use may frequently define what kind of quantity this is and therefore what kind of units can be used. The context of use may also restrict the values for the comparator." />
      <min value="0" />
      <max value="*" />
      <base>
        <path value="Extension.value[x]" />
        <min value="0" />
        <max value="1" />
      </base>
      <type>
        <code value="Quantity" />
        <profile value="http://ehelse.no/fhir/vft/STU3/StructureDefinition/vft-quantityspeedms" />
      </type>
      <condition value="ele-1" />
      <constraint>
        <key value="ele-1" />
        <severity value="error" />
        <human value="All FHIR elements must have a @value or children" />
        <expression value="hasValue() | (children().count() &gt; id.count())" />
        <xpath value="@value|f:*|h:div" />
      </constraint>
      <constraint>
        <key value="qty-3" />
        <severity value="error" />
        <human value="If a code for the unit is present, the system SHALL also be present" />
        <expression value="code.empty() or system.exists()" />
        <xpath value="not(exists(f:code)) or exists(f:system)" />
      </constraint>
      <mapping>
        <identity value="rim" />
        <map value="n/a" />
      </mapping>
      <mapping>
        <identity value="rim" />
        <map value="N/A" />
      </mapping>
      <mapping>
        <identity value="v2" />
        <map value="SN (see also Range) or CQ" />
      </mapping>
      <mapping>
        <identity value="rim" />
        <map value="PQ, IVL&lt;PQ&gt;, MO, CO, depending on the values" />
      </mapping>
    </element>
    <element id="Extension.extension:velocityMs.url">
      <path value="Extension.extension.url" />
      <representation value="xmlAttr" />
      <short value="identifies the meaning of the extension" />
      <definition value="Source of the definition for the extension code - a logical name or a URL." />
      <comment value="The definition may point directly to a computable or human-readable definition of the extensibility codes, or it may be a logical URI as declared in some other specification. The definition SHALL be a URI for the Structure Definition defining the extension." />
      <min value="1" />
      <max value="1" />
      <base>
        <path value="Extension.url" />
        <min value="1" />
        <max value="1" />
      </base>
      <type>
        <code value="uri" />
      </type>
      <fixedUri value="velocityMs" />
      <condition value="ele-1" />
      <constraint>
        <key value="ele-1" />
        <severity value="error" />
        <human value="All FHIR elements must have a @value or children" />
        <expression value="hasValue() | (children().count() &gt; id.count())" />
        <xpath value="@value|f:*|h:div" />
      </constraint>
      <mapping>
        <identity value="rim" />
        <map value="n/a" />
      </mapping>
      <mapping>
        <identity value="rim" />
        <map value="N/A" />
      </mapping>
    </element>
    <element id="Extension.extension:velocityMs.value[x]">
      <path value="Extension.extension.value[x]" />
      <short value="Value of extension" />
      <definition value="Value of extension - may be a resource or one of a constrained set of the data types (see Extensibility in the spec for list)." />
      <comment value="A stream of bytes, base64 encoded" />
      <min value="0" />
      <max value="0" />
      <base>
        <path value="Extension.value[x]" />
        <min value="0" />
        <max value="1" />
      </base>
      <type>
        <code value="base64Binary" />
      </type>
      <type>
        <code value="boolean" />
      </type>
      <type>
        <code value="code" />
      </type>
      <type>
        <code value="date" />
      </type>
      <type>
        <code value="dateTime" />
      </type>
      <type>
        <code value="decimal" />
      </type>
      <type>
        <code value="id" />
      </type>
      <type>
        <code value="instant" />
      </type>
      <type>
        <code value="integer" />
      </type>
      <type>
        <code value="markdown" />
      </type>
      <type>
        <code value="oid" />
      </type>
      <type>
        <code value="positiveInt" />
      </type>
      <type>
        <code value="string" />
      </type>
      <type>
        <code value="time" />
      </type>
      <type>
        <code value="unsignedInt" />
      </type>
      <type>
        <code value="uri" />
      </type>
      <type>
        <code value="Address" />
      </type>
      <type>
        <code value="Age" />
      </type>
      <type>
        <code value="Annotation" />
      </type>
      <type>
        <code value="Attachment" />
      </type>
      <type>
        <code value="CodeableConcept" />
      </type>
      <type>
        <code value="Coding" />
      </type>
      <type>
        <code value="ContactPoint" />
      </type>
      <type>
        <code value="Count" />
      </type>
      <type>
        <code value="Distance" />
      </type>
      <type>
        <code value="Duration" />
      </type>
      <type>
        <code value="HumanName" />
      </type>
      <type>
        <code value="Identifier" />
      </type>
      <type>
        <code value="Money" />
      </type>
      <type>
        <code value="Period" />
      </type>
      <type>
        <code value="Quantity" />
      </type>
      <type>
        <code value="Range" />
      </type>
      <type>
        <code value="Ratio" />
      </type>
      <type>
        <code value="Reference" />
      </type>
      <type>
        <code value="SampledData" />
      </type>
      <type>
        <code value="Signature" />
      </type>
      <type>
        <code value="Timing" />
      </type>
      <type>
        <code value="Meta" />
      </type>
      <condition value="ele-1" />
      <constraint>
        <key value="ele-1" />
        <severity value="error" />
        <human value="All FHIR elements must have a @value or children" />
        <expression value="hasValue() | (children().count() &gt; id.count())" />
        <xpath value="@value|f:*|h:div" />
      </constraint>
      <mapping>
        <identity value="rim" />
        <map value="n/a" />
      </mapping>
      <mapping>
        <identity value="rim" />
        <map value="N/A" />
      </mapping>
    </element>
    <element id="Extension.url">
      <path value="Extension.url" />
      <representation value="xmlAttr" />
      <short value="identifies the meaning of the extension" />
      <definition value="Source of the definition for the extension code - a logical name or a URL." />
      <comment value="The definition may point directly to a computable or human-readable definition of the extensibility codes, or it may be a logical URI as declared in some other specification. The definition SHALL be a URI for the Structure Definition defining the extension." />
      <min value="1" />
      <max value="1" />
      <base>
        <path value="Extension.url" />
        <min value="1" />
        <max value="1" />
      </base>
      <type>
        <code value="uri" />
      </type>
      <fixedUri value="http://ehelse.no/fhir/StructureDefinition/vkp-additionalpositiondata-v05" />
      <condition value="ele-1" />
      <constraint>
        <key value="ele-1" />
        <severity value="error" />
        <human value="All FHIR elements must have a @value or children" />
        <expression value="hasValue() | (children().count() &gt; id.count())" />
        <xpath value="@value|f:*|h:div" />
      </constraint>
      <mapping>
        <identity value="rim" />
        <map value="n/a" />
      </mapping>
      <mapping>
        <identity value="rim" />
        <map value="N/A" />
      </mapping>
    </element>
    <element id="Extension.value[x]">
      <path value="Extension.value[x]" />
      <short value="Value of extension" />
      <definition value="Value of extension - may be a resource or one of a constrained set of the data types (see Extensibility in the spec for list)." />
      <comment value="A stream of bytes, base64 encoded" />
      <min value="0" />
      <max value="0" />
      <base>
        <path value="Extension.value[x]" />
        <min value="0" />
        <max value="1" />
      </base>
      <type>
        <code value="base64Binary" />
      </type>
      <type>
        <code value="boolean" />
      </type>
      <type>
        <code value="code" />
      </type>
      <type>
        <code value="date" />
      </type>
      <type>
        <code value="dateTime" />
      </type>
      <type>
        <code value="decimal" />
      </type>
      <type>
        <code value="id" />
      </type>
      <type>
        <code value="instant" />
      </type>
      <type>
        <code value="integer" />
      </type>
      <type>
        <code value="markdown" />
      </type>
      <type>
        <code value="oid" />
      </type>
      <type>
        <code value="positiveInt" />
      </type>
      <type>
        <code value="string" />
      </type>
      <type>
        <code value="time" />
      </type>
      <type>
        <code value="unsignedInt" />
      </type>
      <type>
        <code value="uri" />
      </type>
      <type>
        <code value="Address" />
      </type>
      <type>
        <code value="Age" />
      </type>
      <type>
        <code value="Annotation" />
      </type>
      <type>
        <code value="Attachment" />
      </type>
      <type>
        <code value="CodeableConcept" />
      </type>
      <type>
        <code value="Coding" />
      </type>
      <type>
        <code value="ContactPoint" />
      </type>
      <type>
        <code value="Count" />
      </type>
      <type>
        <code value="Distance" />
      </type>
      <type>
        <code value="Duration" />
      </type>
      <type>
        <code value="HumanName" />
      </type>
      <type>
        <code value="Identifier" />
      </type>
      <type>
        <code value="Money" />
      </type>
      <type>
        <code value="Period" />
      </type>
      <type>
        <code value="Quantity" />
      </type>
      <type>
        <code value="Range" />
      </type>
      <type>
        <code value="Ratio" />
      </type>
      <type>
        <code value="Reference" />
      </type>
      <type>
        <code value="SampledData" />
      </type>
      <type>
        <code value="Signature" />
      </type>
      <type>
        <code value="Timing" />
      </type>
      <type>
        <code value="Meta" />
      </type>
      <condition value="ele-1" />
      <constraint>
        <key value="ele-1" />
        <severity value="error" />
        <human value="All FHIR elements must have a @value or children" />
        <expression value="hasValue() | (children().count() &gt; id.count())" />
        <xpath value="@value|f:*|h:div" />
      </constraint>
      <mapping>
        <identity value="rim" />
        <map value="n/a" />
      </mapping>
      <mapping>
        <identity value="rim" />
        <map value="N/A" />
      </mapping>
    </element>
  </snapshot>
  <differential>
    <element id="Extension">
      <path value="Extension" />
      <short value="Additional postition data" />
      <definition value="Additional position data describing the position measurement contains timestamp, altitudeMeters, horizontal accuracy, vertical accuracy, velocity and direction of travel" />
    </element>
    <element id="Extension.extension">
      <path value="Extension.extension" />
      <slicing>
        <discriminator>
          <type value="value" />
          <path value="url" />
        </discriminator>
        <rules value="open" />
      </slicing>
    </element>
    <element id="Extension.extension:timestamp">
      <path value="Extension.extension" />
      <sliceName value="timestamp" />
      <short value="Timestamp for the measurement" />
      <definition value="Timestamp describing when the device recorded the measurement. Basic timestamp with UTC offset" />
    </element>
    <element id="Extension.extension:timestamp.url">
      <path value="Extension.extension.url" />
      <fixedUri value="timestamp" />
    </element>
    <element id="Extension.extension:timestamp.valueDateTime:timestamp">
      <path value="Extension.extension.valueDateTime" />
      <sliceName value="timestamp" />
      <min value="1" />
      <type>
        <code value="dateTime" />
      </type>
    </element>
    <element id="Extension.extension:altitudeMeters">
      <path value="Extension.extension" />
      <sliceName value="altitudeMeters" />
      <short value="Recorded altitude in meters" />
      <definition value="The recorded altitude by the device, measured in meters" />
    </element>
    <element id="Extension.extension:altitudeMeters.url">
      <path value="Extension.extension.url" />
      <fixedUri value="altitudeMeters" />
    </element>
    <element id="Extension.extension:altitudeMeters.value[x]:valueQuantity">
      <path value="Extension.extension.valueQuantity" />
      <sliceName value="valueQuantity" />
      <type>
        <code value="Quantity" />
      </type>
    </element>
    <element id="valueQuantity:valueQuantity.comparator">
      <path value="Extension.extension.valueQuantity.comparator" />
      <max value="0" />
    </element>
    <element id="valueQuantity:valueQuantity.unit">
      <extension url="http://hl7.org/fhir/StructureDefinition/elementdefinition-translatable">
        <valueBoolean value="true" />
      </extension>
      <path value="Extension.extension.valueQuantity.unit" />
      <short value="Unit meters" />
      <fixedString value="m" />
    </element>
    <element id="valueQuantity:valueQuantity.system">
      <path value="Extension.extension.valueQuantity.system" />
      <max value="0" />
    </element>
    <element id="valueQuantity:valueQuantity.code">
      <path value="Extension.extension.valueQuantity.code" />
      <max value="0" />
    </element>
    <element id="Extension.extension:horizontalAccuracy">
      <path value="Extension.extension" />
      <sliceName value="horizontalAccuracy" />
      <short value="The horizontal accuracy of the measurement" />
      <definition value="The horizontal accuracy of the position measurement in meters" />
      <max value="1" />
    </element>
    <element id="Extension.extension:horizontalAccuracy.url">
      <path value="Extension.extension.url" />
      <fixedUri value="horizontalAccuracy" />
    </element>
    <element id="Extension.extension:horizontalAccuracy.value[x]">
      <path value="Extension.extension.valueDecimal" />
      <type>
        <code value="decimal" />
      </type>
    </element>
    <element id="Extension.extension:verticalAccuracy">
      <path value="Extension.extension" />
      <sliceName value="verticalAccuracy" />
      <short value="The vertical accuracy of the position " />
      <definition value="The vertical accuracy of the position measurement in meters" />
      <max value="1" />
    </element>
    <element id="Extension.extension:verticalAccuracy.url">
      <path value="Extension.extension.url" />
      <fixedUri value="verticalAccuracy" />
    </element>
    <element id="Extension.extension:verticalAccuracy.value[x]">
      <path value="Extension.extension.valueDecimal" />
      <type>
        <code value="decimal" />
      </type>
    </element>
    <element id="Extension.extension:velocityMs">
      <path value="Extension.extension" />
      <sliceName value="velocityMs" />
      <short value="Recorded speed and direction of travel" />
      <definition value="Recorded speed and direction of travel as recorded by the device" />
    </element>
    <element id="Extension.extension:velocityMs.extension">
      <path value="Extension.extension.extension" />
      <slicing>
        <discriminator>
          <type value="value" />
          <path value="url" />
        </discriminator>
        <rules value="open" />
      </slicing>
    </element>
    <element id="Extension.extension:velocityMs.extension:directionDecimalDegrees">
      <path value="Extension.extension.extension" />
      <sliceName value="directionDecimalDegrees" />
      <short value="Direction of travel" />
      <definition value="Direction of travel as measured by the device, annotated in Decimal degrees" />
    </element>
    <element id="Extension.extension:velocityMs.extension:directionDecimalDegrees.url">
      <path value="Extension.extension.extension.url" />
      <fixedUri value="directionDecimalDegrees" />
    </element>
    <element id="Extension.extension:velocityMs.extension:directionDecimalDegrees.value[x]:valueDecimal">
      <path value="Extension.extension.extension.valueDecimal" />
      <sliceName value="valueDecimal" />
      <type>
        <code value="decimal" />
      </type>
    </element>
    <element id="Extension.extension:velocityMs.extension:speedMs">
      <path value="Extension.extension.extension" />
      <sliceName value="speedMs" />
      <short value="The recorded speed" />
      <definition value="The speed as recorded by the device. Measured in m/s" />
    </element>
    <element id="Extension.extension:velocityMs.extension:speedMs.url">
      <path value="Extension.extension.extension.url" />
      <fixedUri value="speedMs" />
    </element>
    <element id="Extension.extension:velocityMs.extension:speedMs.value[x]:valueQuantity">
      <path value="Extension.extension.extension.valueQuantity" />
      <sliceName value="valueQuantity" />
      <type>
        <code value="Quantity" />
        <profile value="http://ehelse.no/fhir/vft/STU3/StructureDefinition/vft-quantityspeedms" />
      </type>
    </element>
    <element id="Extension.extension:velocityMs.url">
      <path value="Extension.extension.url" />
      <fixedUri value="velocityMs" />
    </element>
    <element id="Extension.extension:velocityMs.value[x]">
      <path value="Extension.extension.value[x]" />
      <max value="0" />
    </element>
    <element id="Extension.url">
      <path value="Extension.url" />
      <fixedUri value="http://ehelse.no/fhir/StructureDefinition/vkp-additionalpositiondata-v05" />
    </element>
    <element id="Extension.value[x]">
      <path value="Extension.value[x]" />
      <max value="0" />
    </element>
  </differential>
</StructureDefinition>