﻿<?xml version="1.0" encoding="utf-8"?>
<StructureDefinition xmlns="http://hl7.org/fhir">
  <id value="vkp-Location-v05" />
  <meta>
    <lastUpdated value="2017-12-19T15:43:30.269+01:00" />
  </meta>
  <url value="http://ehelse.no/fhir/StructureDefinition/vkp-Location-v05" />
  <version value="0.1" />
  <name value="vkp-Location" />
  <status value="draft" />
  <date value="2017-10-11T18:31:51.45+02:00" />
  <description value="Profile of the location resource to include more accurate location measurement from geopositioning devices." />
  <fhirVersion value="3.0.1" />
  <kind value="resource" />
  <abstract value="false" />
  <type value="Location" />
  <baseDefinition value="http://hl7.org/fhir/StructureDefinition/Location" />
  <derivation value="constraint" />
  <snapshot>
    <element id="Location">
      <path value="Location" />
      <short value="Details and position information for a physical place" />
      <definition value="Details and position information for a physical place where services are provided  and resources and participants may be stored, found, contained or accommodated." />
      <min value="0" />
      <max value="*" />
      <base>
        <path value="Resource" />
        <min value="0" />
        <max value="*" />
      </base>
      <constraint>
        <key value="dom-2" />
        <severity value="error" />
        <human value="If the resource is contained in another resource, it SHALL NOT contain nested Resources" />
        <expression value="contained.contained.empty()" />
        <xpath value="not(parent::f:contained and f:contained)" />
      </constraint>
      <constraint>
        <key value="dom-1" />
        <severity value="error" />
        <human value="If the resource is contained in another resource, it SHALL NOT contain any narrative" />
        <expression value="contained.text.empty()" />
        <xpath value="not(parent::f:contained and f:text)" />
      </constraint>
      <constraint>
        <key value="dom-4" />
        <severity value="error" />
        <human value="If a resource is contained in another resource, it SHALL NOT have a meta.versionId or a meta.lastUpdated" />
        <expression value="contained.meta.versionId.empty() and contained.meta.lastUpdated.empty()" />
        <xpath value="not(exists(f:contained/*/f:meta/f:versionId)) and not(exists(f:contained/*/f:meta/f:lastUpdated))" />
      </constraint>
      <constraint>
        <key value="dom-3" />
        <severity value="error" />
        <human value="If the resource is contained in another resource, it SHALL be referred to from elsewhere in the resource" />
        <expression value="contained.where(('#'+id in %resource.descendants().reference).not()).empty()" />
        <xpath value="not(exists(for $id in f:contained/*/@id return $id[not(ancestor::f:contained/parent::*/descendant::f:reference/@value=concat('#', $id))]))" />
      </constraint>
      <mapping>
        <identity value="rim" />
        <map value="Entity. Role, or Act" />
      </mapping>
      <mapping>
        <identity value="rim" />
        <map value=".Role[classCode=SDLC]" />
      </mapping>
      <mapping>
        <identity value="w5" />
        <map value="administrative.entity" />
      </mapping>
    </element>
    <element id="Location.id">
      <path value="Location.id" />
      <short value="Logical id of this artifact" />
      <definition value="The logical id of the resource, as used in the URL for the resource. Once assigned, this value never changes." />
      <comment value="The only time that a resource does not have an id is when it is being submitted to the server using a create operation." />
      <min value="0" />
      <max value="1" />
      <base>
        <path value="Resource.id" />
        <min value="0" />
        <max value="1" />
      </base>
      <type>
        <code value="id" />
      </type>
      <condition value="ele-1" />
      <constraint>
        <key value="ele-1" />
        <severity value="error" />
        <human value="All FHIR elements must have a @value or children" />
        <expression value="hasValue() | (children().count() &gt; id.count())" />
        <xpath value="@value|f:*|h:div" />
      </constraint>
      <isSummary value="true" />
      <mapping>
        <identity value="rim" />
        <map value="n/a" />
      </mapping>
    </element>
    <element id="Location.meta">
      <path value="Location.meta" />
      <short value="Metadata about the resource" />
      <definition value="The metadata about the resource. This is content that is maintained by the infrastructure. Changes to the content may not always be associated with version changes to the resource." />
      <min value="0" />
      <max value="1" />
      <base>
        <path value="Resource.meta" />
        <min value="0" />
        <max value="1" />
      </base>
      <type>
        <code value="Meta" />
      </type>
      <condition value="ele-1" />
      <constraint>
        <key value="ele-1" />
        <severity value="error" />
        <human value="All FHIR elements must have a @value or children" />
        <expression value="hasValue() | (children().count() &gt; id.count())" />
        <xpath value="@value|f:*|h:div" />
      </constraint>
      <isSummary value="true" />
      <mapping>
        <identity value="rim" />
        <map value="n/a" />
      </mapping>
      <mapping>
        <identity value="rim" />
        <map value="N/A" />
      </mapping>
    </element>
    <element id="Location.implicitRules">
      <path value="Location.implicitRules" />
      <short value="A set of rules under which this content was created" />
      <definition value="A reference to a set of rules that were followed when the resource was constructed, and which must be understood when processing the content." />
      <comment value="Asserting this rule set restricts the content to be only understood by a limited set of trading partners. This inherently limits the usefulness of the data in the long term. However, the existing health eco-system is highly fractured, and not yet ready to define, collect, and exchange data in a generally computable sense. Wherever possible, implementers and/or specification writers should avoid using this element. &#xA;&#xA;This element is labelled as a modifier because the implicit rules may provide additional knowledge about the resource that modifies it's meaning or interpretation." />
      <min value="0" />
      <max value="1" />
      <base>
        <path value="Resource.implicitRules" />
        <min value="0" />
        <max value="1" />
      </base>
      <type>
        <code value="uri" />
      </type>
      <condition value="ele-1" />
      <constraint>
        <key value="ele-1" />
        <severity value="error" />
        <human value="All FHIR elements must have a @value or children" />
        <expression value="hasValue() | (children().count() &gt; id.count())" />
        <xpath value="@value|f:*|h:div" />
      </constraint>
      <isModifier value="true" />
      <isSummary value="true" />
      <mapping>
        <identity value="rim" />
        <map value="n/a" />
      </mapping>
    </element>
    <element id="Location.language">
      <path value="Location.language" />
      <short value="Language of the resource content" />
      <definition value="The base language in which the resource is written." />
      <comment value="Language is provided to support indexing and accessibility (typically, services such as text to speech use the language tag). The html language tag in the narrative applies  to the narrative. The language tag on the resource may be used to specify the language of other presentations generated from the data in the resource  Not all the content has to be in the base language. The Resource.language should not be assumed to apply to the narrative automatically. If a language is specified, it should it also be specified on the div element in the html (see rules in HTML5 for information about the relationship between xml:lang and the html lang attribute)." />
      <min value="0" />
      <max value="1" />
      <base>
        <path value="Resource.language" />
        <min value="0" />
        <max value="1" />
      </base>
      <type>
        <code value="code" />
      </type>
      <condition value="ele-1" />
      <constraint>
        <key value="ele-1" />
        <severity value="error" />
        <human value="All FHIR elements must have a @value or children" />
        <expression value="hasValue() | (children().count() &gt; id.count())" />
        <xpath value="@value|f:*|h:div" />
      </constraint>
      <binding>
        <extension url="http://hl7.org/fhir/StructureDefinition/elementdefinition-maxValueSet">
          <valueReference>
            <reference value="http://hl7.org/fhir/ValueSet/all-languages" />
          </valueReference>
        </extension>
        <extension url="http://hl7.org/fhir/StructureDefinition/elementdefinition-bindingName">
          <valueString value="Language" />
        </extension>
        <extension url="http://hl7.org/fhir/StructureDefinition/elementdefinition-isCommonBinding">
          <valueBoolean value="true" />
        </extension>
        <strength value="extensible" />
        <description value="A human language." />
        <valueSetReference>
          <reference value="http://hl7.org/fhir/ValueSet/languages" />
        </valueSetReference>
      </binding>
      <mapping>
        <identity value="rim" />
        <map value="n/a" />
      </mapping>
    </element>
    <element id="Location.text">
      <path value="Location.text" />
      <short value="Text summary of the resource, for human interpretation" />
      <definition value="A human-readable narrative that contains a summary of the resource, and may be used to represent the content of the resource to a human. The narrative need not encode all the structured data, but is required to contain sufficient detail to make it &quot;clinically safe&quot; for a human to just read the narrative. Resource definitions may define what content should be represented in the narrative to ensure clinical safety." />
      <comment value="Contained resources do not have narrative. Resources that are not contained SHOULD have a narrative. In some cases, a resource may only have text with little or no additional discrete data (as long as all minOccurs=1 elements are satisfied).  This may be necessary for data from legacy systems where information is captured as a &quot;text blob&quot; or where text is additionally entered raw or narrated and encoded in formation is added later." />
      <alias value="narrative" />
      <alias value="html" />
      <alias value="xhtml" />
      <alias value="display" />
      <min value="0" />
      <max value="1" />
      <base>
        <path value="DomainResource.text" />
        <min value="0" />
        <max value="1" />
      </base>
      <type>
        <code value="Narrative" />
      </type>
      <condition value="ele-1" />
      <condition value="dom-1" />
      <constraint>
        <key value="ele-1" />
        <severity value="error" />
        <human value="All FHIR elements must have a @value or children" />
        <expression value="hasValue() | (children().count() &gt; id.count())" />
        <xpath value="@value|f:*|h:div" />
      </constraint>
      <mapping>
        <identity value="rim" />
        <map value="n/a" />
      </mapping>
      <mapping>
        <identity value="rim" />
        <map value="N/A" />
      </mapping>
      <mapping>
        <identity value="rim" />
        <map value="Act.text?" />
      </mapping>
    </element>
    <element id="Location.contained">
      <path value="Location.contained" />
      <short value="Contained, inline Resources" />
      <definition value="These resources do not have an independent existence apart from the resource that contains them - they cannot be identified independently, and nor can they have their own independent transaction scope." />
      <comment value="This should never be done when the content can be identified properly, as once identification is lost, it is extremely difficult (and context dependent) to restore it again." />
      <alias value="inline resources" />
      <alias value="anonymous resources" />
      <alias value="contained resources" />
      <min value="0" />
      <max value="*" />
      <base>
        <path value="DomainResource.contained" />
        <min value="0" />
        <max value="*" />
      </base>
      <type>
        <code value="Resource" />
      </type>
      <mapping>
        <identity value="rim" />
        <map value="Entity. Role, or Act" />
      </mapping>
      <mapping>
        <identity value="rim" />
        <map value="N/A" />
      </mapping>
    </element>
    <element id="Location.extension">
      <path value="Location.extension" />
      <slicing>
        <discriminator>
          <type value="value" />
          <path value="url" />
        </discriminator>
        <description value="Extensions are always sliced by (at least) url" />
        <rules value="open" />
      </slicing>
      <short value="Additional Content defined by implementations" />
      <definition value="May be used to represent additional information that is not part of the basic definition of the resource. In order to make the use of extensions safe and manageable, there is a strict set of governance  applied to the definition and use of extensions. Though any implementer is allowed to define an extension, there is a set of requirements that SHALL be met as part of the definition of the extension." />
      <comment value="There can be no stigma associated with the use of extensions by any application, project, or standard - regardless of the institution or jurisdiction that uses or defines the extensions.  The use of extensions is what allows the FHIR specification to retain a core level of simplicity for everyone." />
      <alias value="extensions" />
      <alias value="user content" />
      <min value="0" />
      <max value="*" />
      <base>
        <path value="DomainResource.extension" />
        <min value="0" />
        <max value="*" />
      </base>
      <type>
        <code value="Extension" />
      </type>
      <condition value="ele-1" />
      <constraint>
        <key value="ele-1" />
        <severity value="error" />
        <human value="All FHIR elements must have a @value or children" />
        <expression value="hasValue() | (children().count() &gt; id.count())" />
        <xpath value="@value|f:*|h:div" />
      </constraint>
      <constraint>
        <key value="ext-1" />
        <severity value="error" />
        <human value="Must have either extensions or value[x], not both" />
        <expression value="extension.exists() != value.exists()" />
        <xpath value="exists(f:extension)!=exists(f:*[starts-with(local-name(.), 'value')])" />
      </constraint>
      <mapping>
        <identity value="rim" />
        <map value="n/a" />
      </mapping>
      <mapping>
        <identity value="rim" />
        <map value="N/A" />
      </mapping>
    </element>
    <element id="Location.extension:additionalPositionData">
      <path value="Location.extension" />
      <sliceName value="additionalPositionData" />
      <short value="Additional postition data" />
      <definition value="Additional position data describing the position measurement contains timestamp, altitudeMeters, horizontal accuracy, vertical accuracy, velocity and direction of travel" />
      <comment value="There can be no stigma associated with the use of extensions by any application, project, or standard - regardless of the institution or jurisdiction that uses or defines the extensions.  The use of extensions is what allows the FHIR specification to retain a core level of simplicity for everyone." />
      <alias value="extensions" />
      <alias value="user content" />
      <min value="0" />
      <max value="*" />
      <base>
        <path value="DomainResource.extension" />
        <min value="0" />
        <max value="*" />
      </base>
      <type>
        <code value="Extension" />
        <profile value="http://ehelse.no/fhir/StructureDefinition/vkp-additionalpositiondata-v05" />
      </type>
      <condition value="ele-1" />
      <constraint>
        <key value="ele-1" />
        <severity value="error" />
        <human value="All FHIR elements must have a @value or children" />
        <expression value="hasValue() | (children().count() &gt; id.count())" />
        <xpath value="@value|f:*|h:div" />
      </constraint>
      <constraint>
        <key value="ext-1" />
        <severity value="error" />
        <human value="Must have either extensions or value[x], not both" />
        <expression value="extension.exists() != value.exists()" />
        <xpath value="exists(f:extension)!=exists(f:*[starts-with(local-name(.), 'value')])" />
      </constraint>
      <mapping>
        <identity value="rim" />
        <map value="n/a" />
      </mapping>
      <mapping>
        <identity value="rim" />
        <map value="N/A" />
      </mapping>
    </element>
    <element id="Location.modifierExtension">
      <path value="Location.modifierExtension" />
      <slicing>
        <discriminator>
          <type value="value" />
          <path value="url" />
        </discriminator>
        <description value="Extensions are always sliced by (at least) url" />
        <rules value="open" />
      </slicing>
      <short value="Extensions that cannot be ignored" />
      <definition value="May be used to represent additional information that is not part of the basic definition of the resource, and that modifies the understanding of the element that contains it. Usually modifier elements provide negation or qualification. In order to make the use of extensions safe and manageable, there is a strict set of governance applied to the definition and use of extensions. Though any implementer is allowed to define an extension, there is a set of requirements that SHALL be met as part of the definition of the extension. Applications processing a resource are required to check for modifier extensions." />
      <comment value="There can be no stigma associated with the use of extensions by any application, project, or standard - regardless of the institution or jurisdiction that uses or defines the extensions.  The use of extensions is what allows the FHIR specification to retain a core level of simplicity for everyone." />
      <alias value="extensions" />
      <alias value="user content" />
      <min value="0" />
      <max value="*" />
      <base>
        <path value="DomainResource.modifierExtension" />
        <min value="0" />
        <max value="*" />
      </base>
      <type>
        <code value="Extension" />
      </type>
      <condition value="ele-1" />
      <constraint>
        <key value="ele-1" />
        <severity value="error" />
        <human value="All FHIR elements must have a @value or children" />
        <expression value="hasValue() | (children().count() &gt; id.count())" />
        <xpath value="@value|f:*|h:div" />
      </constraint>
      <constraint>
        <key value="ext-1" />
        <severity value="error" />
        <human value="Must have either extensions or value[x], not both" />
        <expression value="extension.exists() != value.exists()" />
        <xpath value="exists(f:extension)!=exists(f:*[starts-with(local-name(.), 'value')])" />
      </constraint>
      <isModifier value="true" />
      <mapping>
        <identity value="rim" />
        <map value="n/a" />
      </mapping>
      <mapping>
        <identity value="rim" />
        <map value="N/A" />
      </mapping>
    </element>
    <element id="Location.identifier">
      <path value="Location.identifier" />
      <short value="Unique code or number identifying the location measurement" />
      <definition value="Unique code or number identifying the location measurement, should be UUID. Example: urn:uuid:2e82976a-35d6-4870-a4d5-d79abf772a8f" />
      <requirements value="Organization label locations in registries, need to keep track of those." />
      <min value="0" />
      <max value="*" />
      <base>
        <path value="Location.identifier" />
        <min value="0" />
        <max value="*" />
      </base>
      <type>
        <code value="Identifier" />
      </type>
      <condition value="ele-1" />
      <constraint>
        <key value="ele-1" />
        <severity value="error" />
        <human value="All FHIR elements must have a @value or children" />
        <expression value="hasValue() | (children().count() &gt; id.count())" />
        <xpath value="@value|f:*|h:div" />
      </constraint>
      <isSummary value="true" />
      <mapping>
        <identity value="rim" />
        <map value="n/a" />
      </mapping>
      <mapping>
        <identity value="v2" />
        <map value="CX / EI (occasionally, more often EI maps to a resource id or a URL)" />
      </mapping>
      <mapping>
        <identity value="rim" />
        <map value="II - see see identifier pattern at http://wiki.hl7.org/index.php?title=Common_Design_Patterns#Identifier_Pattern for relevant discussion. The Identifier class is a little looser than the v3 type II because it allows URIs as well as registered OIDs or GUIDs.  Also maps to Role[classCode=IDENT]" />
      </mapping>
      <mapping>
        <identity value="servd" />
        <map value="Identifier" />
      </mapping>
      <mapping>
        <identity value="rim" />
        <map value=".id" />
      </mapping>
      <mapping>
        <identity value="w5" />
        <map value="id" />
      </mapping>
    </element>
    <element id="Location.status">
      <path value="Location.status" />
      <short value="active | suspended | inactive" />
      <definition value="The status property covers the general availability of the resource, not the current value which may be covered by the operationStatus, or by a schedule/slots if they are configured for the location." />
      <comment value="This element is labeled as a modifier because the status contains codes that mark the resource as not currently valid." />
      <min value="0" />
      <max value="0" />
      <base>
        <path value="Location.status" />
        <min value="0" />
        <max value="1" />
      </base>
      <type>
        <code value="code" />
      </type>
      <condition value="ele-1" />
      <constraint>
        <key value="ele-1" />
        <severity value="error" />
        <human value="All FHIR elements must have a @value or children" />
        <expression value="hasValue() | (children().count() &gt; id.count())" />
        <xpath value="@value|f:*|h:div" />
      </constraint>
      <isModifier value="true" />
      <isSummary value="true" />
      <binding>
        <extension url="http://hl7.org/fhir/StructureDefinition/elementdefinition-bindingName">
          <valueString value="LocationStatus" />
        </extension>
        <strength value="required" />
        <description value="Indicates whether the location is still in use." />
        <valueSetReference>
          <reference value="http://hl7.org/fhir/ValueSet/location-status" />
        </valueSetReference>
      </binding>
      <mapping>
        <identity value="rim" />
        <map value="n/a" />
      </mapping>
      <mapping>
        <identity value="rim" />
        <map value=".statusCode" />
      </mapping>
      <mapping>
        <identity value="w5" />
        <map value="status" />
      </mapping>
    </element>
    <element id="Location.operationalStatus">
      <path value="Location.operationalStatus" />
      <short value="The Operational status of the location (typically only for a bed/room)" />
      <definition value="The Operational status covers operation values most relevant to beds (but can also apply to rooms/units/chair/etc such as an isolation unit/dialisys chair). This typically covers concepts such as contamination, housekeeping and other activities like maintenance." />
      <comment value="Codes may be defined very casually in enumerations or code lists, up to very formal definitions such as SNOMED CT - see the HL7 v3 Core Principles for more information." />
      <min value="0" />
      <max value="0" />
      <base>
        <path value="Location.operationalStatus" />
        <min value="0" />
        <max value="1" />
      </base>
      <type>
        <code value="Coding" />
      </type>
      <condition value="ele-1" />
      <constraint>
        <key value="ele-1" />
        <severity value="error" />
        <human value="All FHIR elements must have a @value or children" />
        <expression value="hasValue() | (children().count() &gt; id.count())" />
        <xpath value="@value|f:*|h:div" />
      </constraint>
      <isSummary value="true" />
      <binding>
        <extension url="http://hl7.org/fhir/StructureDefinition/elementdefinition-bindingName">
          <valueString value="OperationalStatus" />
        </extension>
        <strength value="preferred" />
        <description value="The operational status if the location (where typically a bed/room)" />
        <valueSetReference>
          <reference value="http://hl7.org/fhir/ValueSet/v2-0116" />
        </valueSetReference>
      </binding>
      <mapping>
        <identity value="rim" />
        <map value="n/a" />
      </mapping>
      <mapping>
        <identity value="v2" />
        <map value="CE/CNE/CWE subset one of the sets of component 1-3 or 4-6" />
      </mapping>
      <mapping>
        <identity value="rim" />
        <map value="CV" />
      </mapping>
      <mapping>
        <identity value="orim" />
        <map value="fhir:Coding rdfs:subClassOf dt:CDCoding" />
      </mapping>
      <mapping>
        <identity value="w5" />
        <map value="status" />
      </mapping>
    </element>
    <element id="Location.name">
      <path value="Location.name" />
      <short value="Name of the location as used by humans" />
      <definition value="Name of the location as used by humans. Does not need to be unique." />
      <comment value="If the name of an location changes, consider putting the old name in the alias column so that it can still be located through searches." />
      <min value="0" />
      <max value="0" />
      <base>
        <path value="Location.name" />
        <min value="0" />
        <max value="1" />
      </base>
      <type>
        <code value="string" />
      </type>
      <condition value="ele-1" />
      <constraint>
        <key value="ele-1" />
        <severity value="error" />
        <human value="All FHIR elements must have a @value or children" />
        <expression value="hasValue() | (children().count() &gt; id.count())" />
        <xpath value="@value|f:*|h:div" />
      </constraint>
      <isSummary value="true" />
      <mapping>
        <identity value="rim" />
        <map value="n/a" />
      </mapping>
      <mapping>
        <identity value="rim" />
        <map value=".name" />
      </mapping>
    </element>
    <element id="Location.alias">
      <path value="Location.alias" />
      <short value="A list of alternate names that the location is known as, or was known as in the past" />
      <definition value="A list of alternate names that the location is known as, or was known as in the past." />
      <comment value="There are no dates associated with the alias/historic names, as this is not intended to track when names were used, but to assist in searching so that older names can still result in identifying the location." />
      <requirements value="Over time locations and organizations go through many changes and can be known by different names.&#xA;&#xA;For searching knowing previous names that the location was known by can be very useful." />
      <min value="0" />
      <max value="0" />
      <base>
        <path value="Location.alias" />
        <min value="0" />
        <max value="*" />
      </base>
      <type>
        <code value="string" />
      </type>
      <condition value="ele-1" />
      <constraint>
        <key value="ele-1" />
        <severity value="error" />
        <human value="All FHIR elements must have a @value or children" />
        <expression value="hasValue() | (children().count() &gt; id.count())" />
        <xpath value="@value|f:*|h:div" />
      </constraint>
      <mapping>
        <identity value="rim" />
        <map value="n/a" />
      </mapping>
      <mapping>
        <identity value="rim" />
        <map value=".name" />
      </mapping>
    </element>
    <element id="Location.description">
      <path value="Location.description" />
      <short value="Text describing interpretation of the location measurement" />
      <definition value="Used in the PCH Norway project to enter text to be displayed to the user describing the Location measurement. Example: &quot;user outside geofence&quot;" />
      <comment value="Note that FHIR strings may not exceed 1MB in size" />
      <requirements value="Humans need additional information to verify a correct location has been identified." />
      <min value="0" />
      <max value="1" />
      <base>
        <path value="Location.description" />
        <min value="0" />
        <max value="1" />
      </base>
      <type>
        <code value="string" />
      </type>
      <condition value="ele-1" />
      <constraint>
        <key value="ele-1" />
        <severity value="error" />
        <human value="All FHIR elements must have a @value or children" />
        <expression value="hasValue() | (children().count() &gt; id.count())" />
        <xpath value="@value|f:*|h:div" />
      </constraint>
      <isSummary value="true" />
      <mapping>
        <identity value="rim" />
        <map value="n/a" />
      </mapping>
      <mapping>
        <identity value="rim" />
        <map value=".playingEntity[classCode=PLC determinerCode=INSTANCE].desc" />
      </mapping>
    </element>
    <element id="Location.mode">
      <path value="Location.mode" />
      <short value="instance | kind" />
      <definition value="Indicates whether a resource instance represents a specific location or a class of locations." />
      <comment value="This is labeled as a modifer because whether or not the location is a class of locations changes how it can be used and understood." />
      <requirements value="When using a Location resource for scheduling or orders, we need to be able to refer to a class of Locations instead of a specific Location." />
      <min value="0" />
      <max value="0" />
      <base>
        <path value="Location.mode" />
        <min value="0" />
        <max value="1" />
      </base>
      <type>
        <code value="code" />
      </type>
      <condition value="ele-1" />
      <constraint>
        <key value="ele-1" />
        <severity value="error" />
        <human value="All FHIR elements must have a @value or children" />
        <expression value="hasValue() | (children().count() &gt; id.count())" />
        <xpath value="@value|f:*|h:div" />
      </constraint>
      <isModifier value="true" />
      <isSummary value="true" />
      <binding>
        <extension url="http://hl7.org/fhir/StructureDefinition/elementdefinition-bindingName">
          <valueString value="LocationMode" />
        </extension>
        <strength value="required" />
        <description value="Indicates whether a resource instance represents a specific location or a class of locations." />
        <valueSetReference>
          <reference value="http://hl7.org/fhir/ValueSet/location-mode" />
        </valueSetReference>
      </binding>
      <mapping>
        <identity value="rim" />
        <map value="n/a" />
      </mapping>
      <mapping>
        <identity value="rim" />
        <map value=".playingEntity[classCode=PLC].determinerCode" />
      </mapping>
      <mapping>
        <identity value="w5" />
        <map value="class" />
      </mapping>
    </element>
    <element id="Location.type">
      <path value="Location.type" />
      <short value="Type of function performed" />
      <definition value="Indicates the type of function performed at the location." />
      <comment value="Not all terminology uses fit this general pattern. In some cases, models should not use CodeableConcept and use Coding directly and provide their own structure for managing text, codings, translations and the relationship between elements and pre- and post-coordination." />
      <min value="0" />
      <max value="0" />
      <base>
        <path value="Location.type" />
        <min value="0" />
        <max value="1" />
      </base>
      <type>
        <code value="CodeableConcept" />
      </type>
      <condition value="ele-1" />
      <constraint>
        <key value="ele-1" />
        <severity value="error" />
        <human value="All FHIR elements must have a @value or children" />
        <expression value="hasValue() | (children().count() &gt; id.count())" />
        <xpath value="@value|f:*|h:div" />
      </constraint>
      <isSummary value="true" />
      <binding>
        <extension url="http://hl7.org/fhir/StructureDefinition/elementdefinition-bindingName">
          <valueString value="LocationType" />
        </extension>
        <strength value="extensible" />
        <description value="Indicates the type of function performed at the location." />
        <valueSetReference>
          <reference value="http://hl7.org/fhir/ValueSet/v3-ServiceDeliveryLocationRoleType" />
        </valueSetReference>
      </binding>
      <mapping>
        <identity value="rim" />
        <map value="n/a" />
      </mapping>
      <mapping>
        <identity value="v2" />
        <map value="CE/CNE/CWE" />
      </mapping>
      <mapping>
        <identity value="rim" />
        <map value="CD" />
      </mapping>
      <mapping>
        <identity value="orim" />
        <map value="fhir:CodeableConcept rdfs:subClassOf dt:CD" />
      </mapping>
      <mapping>
        <identity value="rim" />
        <map value=".code" />
      </mapping>
      <mapping>
        <identity value="w5" />
        <map value="class" />
      </mapping>
    </element>
    <element id="Location.telecom">
      <path value="Location.telecom" />
      <short value="URL for displaying of the measurement" />
      <definition value="URL to endpoint that displays additional details about the geoposition measurement." />
      <min value="0" />
      <max value="*" />
      <base>
        <path value="Location.telecom" />
        <min value="0" />
        <max value="*" />
      </base>
      <type>
        <code value="ContactPoint" />
      </type>
      <condition value="ele-1" />
      <constraint>
        <key value="ele-1" />
        <severity value="error" />
        <human value="All FHIR elements must have a @value or children" />
        <expression value="hasValue() | (children().count() &gt; id.count())" />
        <xpath value="@value|f:*|h:div" />
      </constraint>
      <constraint>
        <key value="cpt-2" />
        <severity value="error" />
        <human value="A system is required if a value is provided." />
        <expression value="value.empty() or system.exists()" />
        <xpath value="not(exists(f:value)) or exists(f:system)" />
      </constraint>
      <mapping>
        <identity value="rim" />
        <map value="n/a" />
      </mapping>
      <mapping>
        <identity value="v2" />
        <map value="XTN" />
      </mapping>
      <mapping>
        <identity value="rim" />
        <map value="TEL" />
      </mapping>
      <mapping>
        <identity value="servd" />
        <map value="ContactPoint" />
      </mapping>
      <mapping>
        <identity value="rim" />
        <map value=".telecom" />
      </mapping>
    </element>
    <element id="Location.telecom.id">
      <path value="Location.telecom.id" />
      <representation value="xmlAttr" />
      <short value="xml:id (or equivalent in JSON)" />
      <definition value="unique id for the element within a resource (for internal references). This may be any string value that does not contain spaces." />
      <comment value="Note that FHIR strings may not exceed 1MB in size" />
      <min value="0" />
      <max value="1" />
      <base>
        <path value="Element.id" />
        <min value="0" />
        <max value="1" />
      </base>
      <type>
        <code value="string" />
      </type>
      <condition value="ele-1" />
      <constraint>
        <key value="ele-1" />
        <severity value="error" />
        <human value="All FHIR elements must have a @value or children" />
        <expression value="hasValue() | (children().count() &gt; id.count())" />
        <xpath value="@value|f:*|h:div" />
      </constraint>
      <mapping>
        <identity value="rim" />
        <map value="n/a" />
      </mapping>
    </element>
    <element id="Location.telecom.extension">
      <path value="Location.telecom.extension" />
      <slicing>
        <discriminator>
          <type value="value" />
          <path value="url" />
        </discriminator>
        <description value="Extensions are always sliced by (at least) url" />
        <rules value="open" />
      </slicing>
      <short value="Additional Content defined by implementations" />
      <definition value="May be used to represent additional information that is not part of the basic definition of the element. In order to make the use of extensions safe and manageable, there is a strict set of governance  applied to the definition and use of extensions. Though any implementer is allowed to define an extension, there is a set of requirements that SHALL be met as part of the definition of the extension." />
      <comment value="There can be no stigma associated with the use of extensions by any application, project, or standard - regardless of the institution or jurisdiction that uses or defines the extensions.  The use of extensions is what allows the FHIR specification to retain a core level of simplicity for everyone." />
      <alias value="extensions" />
      <alias value="user content" />
      <min value="0" />
      <max value="*" />
      <base>
        <path value="Element.extension" />
        <min value="0" />
        <max value="*" />
      </base>
      <type>
        <code value="Extension" />
      </type>
      <condition value="ele-1" />
      <constraint>
        <key value="ele-1" />
        <severity value="error" />
        <human value="All FHIR elements must have a @value or children" />
        <expression value="hasValue() | (children().count() &gt; id.count())" />
        <xpath value="@value|f:*|h:div" />
      </constraint>
      <constraint>
        <key value="ext-1" />
        <severity value="error" />
        <human value="Must have either extensions or value[x], not both" />
        <expression value="extension.exists() != value.exists()" />
        <xpath value="exists(f:extension)!=exists(f:*[starts-with(local-name(.), 'value')])" />
      </constraint>
      <mapping>
        <identity value="rim" />
        <map value="n/a" />
      </mapping>
      <mapping>
        <identity value="rim" />
        <map value="N/A" />
      </mapping>
    </element>
    <element id="Location.telecom.system">
      <path value="Location.telecom.system" />
      <short value="phone | fax | email | pager | url | sms | other" />
      <definition value="Telecommunications form for contact point - what communications system is required to make use of the contact." />
      <comment value="Note that FHIR strings may not exceed 1MB in size" />
      <min value="0" />
      <max value="1" />
      <base>
        <path value="ContactPoint.system" />
        <min value="0" />
        <max value="1" />
      </base>
      <type>
        <code value="code" />
      </type>
      <fixedCode value="url" />
      <condition value="ele-1" />
      <condition value="cpt-2" />
      <constraint>
        <key value="ele-1" />
        <severity value="error" />
        <human value="All FHIR elements must have a @value or children" />
        <expression value="hasValue() | (children().count() &gt; id.count())" />
        <xpath value="@value|f:*|h:div" />
      </constraint>
      <isSummary value="true" />
      <binding>
        <extension url="http://hl7.org/fhir/StructureDefinition/elementdefinition-bindingName">
          <valueString value="ContactPointSystem" />
        </extension>
        <strength value="required" />
        <description value="Telecommunications form for contact point" />
        <valueSetReference>
          <reference value="http://hl7.org/fhir/ValueSet/contact-point-system" />
        </valueSetReference>
      </binding>
      <mapping>
        <identity value="rim" />
        <map value="n/a" />
      </mapping>
      <mapping>
        <identity value="v2" />
        <map value="XTN.3" />
      </mapping>
      <mapping>
        <identity value="rim" />
        <map value="./scheme" />
      </mapping>
      <mapping>
        <identity value="servd" />
        <map value="./ContactPointType" />
      </mapping>
    </element>
    <element id="Location.telecom.value">
      <path value="Location.telecom.value" />
      <short value="The actual contact point details" />
      <definition value="The actual contact point details, in a form that is meaningful to the designated communication system (i.e. phone number or email address)." />
      <comment value="Additional text data such as phone extension numbers, or notes about use of the contact are sometimes included in the value." />
      <requirements value="Need to support legacy numbers that are not in a tightly controlled format." />
      <min value="0" />
      <max value="1" />
      <base>
        <path value="ContactPoint.value" />
        <min value="0" />
        <max value="1" />
      </base>
      <type>
        <code value="string" />
      </type>
      <condition value="ele-1" />
      <constraint>
        <key value="ele-1" />
        <severity value="error" />
        <human value="All FHIR elements must have a @value or children" />
        <expression value="hasValue() | (children().count() &gt; id.count())" />
        <xpath value="@value|f:*|h:div" />
      </constraint>
      <isSummary value="true" />
      <mapping>
        <identity value="rim" />
        <map value="n/a" />
      </mapping>
      <mapping>
        <identity value="v2" />
        <map value="XTN.1 (or XTN.12)" />
      </mapping>
      <mapping>
        <identity value="rim" />
        <map value="./url" />
      </mapping>
      <mapping>
        <identity value="servd" />
        <map value="./Value" />
      </mapping>
    </element>
    <element id="Location.telecom.use">
      <path value="Location.telecom.use" />
      <short value="home | work | temp | old | mobile - purpose of this contact point" />
      <definition value="Identifies the purpose for the contact point." />
      <comment value="This is labeled as &quot;Is Modifier&quot; because applications should not mistake a temporary or old contact etc.for a current/permanent one. Applications can assume that a contact is current unless it explicitly says that it is temporary or old." />
      <requirements value="Need to track the way a person uses this contact, so a user can choose which is appropriate for their purpose." />
      <min value="0" />
      <max value="1" />
      <base>
        <path value="ContactPoint.use" />
        <min value="0" />
        <max value="1" />
      </base>
      <type>
        <code value="code" />
      </type>
      <condition value="ele-1" />
      <constraint>
        <key value="ele-1" />
        <severity value="error" />
        <human value="All FHIR elements must have a @value or children" />
        <expression value="hasValue() | (children().count() &gt; id.count())" />
        <xpath value="@value|f:*|h:div" />
      </constraint>
      <isModifier value="true" />
      <isSummary value="true" />
      <binding>
        <extension url="http://hl7.org/fhir/StructureDefinition/elementdefinition-bindingName">
          <valueString value="ContactPointUse" />
        </extension>
        <strength value="required" />
        <description value="Use of contact point" />
        <valueSetReference>
          <reference value="http://hl7.org/fhir/ValueSet/contact-point-use" />
        </valueSetReference>
      </binding>
      <mapping>
        <identity value="rim" />
        <map value="n/a" />
      </mapping>
      <mapping>
        <identity value="v2" />
        <map value="XTN.2 - but often indicated by field" />
      </mapping>
      <mapping>
        <identity value="rim" />
        <map value="unique(./use)" />
      </mapping>
      <mapping>
        <identity value="servd" />
        <map value="./ContactPointPurpose" />
      </mapping>
    </element>
    <element id="Location.telecom.rank">
      <path value="Location.telecom.rank" />
      <short value="Specify preferred order of use (1 = highest)" />
      <definition value="Specifies a preferred order in which to use a set of contacts. Contacts are ranked with lower values coming before higher values." />
      <comment value="Note that rank does not necessarily follow the order in which the contacts are represented in the instance." />
      <min value="0" />
      <max value="1" />
      <base>
        <path value="ContactPoint.rank" />
        <min value="0" />
        <max value="1" />
      </base>
      <type>
        <code value="positiveInt" />
      </type>
      <condition value="ele-1" />
      <constraint>
        <key value="ele-1" />
        <severity value="error" />
        <human value="All FHIR elements must have a @value or children" />
        <expression value="hasValue() | (children().count() &gt; id.count())" />
        <xpath value="@value|f:*|h:div" />
      </constraint>
      <isSummary value="true" />
      <mapping>
        <identity value="rim" />
        <map value="n/a" />
      </mapping>
      <mapping>
        <identity value="v2" />
        <map value="n/a" />
      </mapping>
    </element>
    <element id="Location.telecom.period">
      <path value="Location.telecom.period" />
      <short value="Time period when the contact point was/is in use" />
      <definition value="Time period when the contact point was/is in use." />
      <comment value="This is not a duration - that's a measure of time (a separate type), but a duration that occurs at a fixed value of time. A Period specifies a range of time; the context of use will specify whether the entire range applies (e.g. &quot;the patient was an inpatient of the hospital for this time range&quot;) or one value from the range applies (e.g. &quot;give to the patient between these two times&quot;). If duration is required, specify the type as Interval|Duration." />
      <min value="0" />
      <max value="1" />
      <base>
        <path value="ContactPoint.period" />
        <min value="0" />
        <max value="1" />
      </base>
      <type>
        <code value="Period" />
      </type>
      <condition value="ele-1" />
      <constraint>
        <key value="ele-1" />
        <severity value="error" />
        <human value="All FHIR elements must have a @value or children" />
        <expression value="hasValue() | (children().count() &gt; id.count())" />
        <xpath value="@value|f:*|h:div" />
      </constraint>
      <constraint>
        <key value="per-1" />
        <severity value="error" />
        <human value="If present, start SHALL have a lower value than end" />
        <expression value="start.empty() or end.empty() or (start &lt;= end)" />
        <xpath value="not(exists(f:start)) or not(exists(f:end)) or (f:start/@value &lt;= f:end/@value)" />
      </constraint>
      <isSummary value="true" />
      <mapping>
        <identity value="rim" />
        <map value="n/a" />
      </mapping>
      <mapping>
        <identity value="v2" />
        <map value="DR" />
      </mapping>
      <mapping>
        <identity value="rim" />
        <map value="IVL&lt;TS&gt;[lowClosed=&quot;true&quot; and highClosed=&quot;true&quot;] or URG&lt;TS&gt;[lowClosed=&quot;true&quot; and highClosed=&quot;true&quot;]" />
      </mapping>
      <mapping>
        <identity value="v2" />
        <map value="N/A" />
      </mapping>
      <mapping>
        <identity value="rim" />
        <map value="./usablePeriod[type=&quot;IVL&lt;TS&gt;&quot;]" />
      </mapping>
      <mapping>
        <identity value="servd" />
        <map value="./StartDate and ./EndDate" />
      </mapping>
    </element>
    <element id="Location.telecom.period.id">
      <path value="Location.telecom.period.id" />
      <representation value="xmlAttr" />
      <short value="xml:id (or equivalent in JSON)" />
      <definition value="unique id for the element within a resource (for internal references). This may be any string value that does not contain spaces." />
      <comment value="Note that FHIR strings may not exceed 1MB in size" />
      <min value="0" />
      <max value="1" />
      <base>
        <path value="Element.id" />
        <min value="0" />
        <max value="1" />
      </base>
      <type>
        <code value="string" />
      </type>
      <condition value="ele-1" />
      <constraint>
        <key value="ele-1" />
        <severity value="error" />
        <human value="All FHIR elements must have a @value or children" />
        <expression value="hasValue() | (children().count() &gt; id.count())" />
        <xpath value="@value|f:*|h:div" />
      </constraint>
      <mapping>
        <identity value="rim" />
        <map value="n/a" />
      </mapping>
    </element>
    <element id="Location.telecom.period.extension">
      <path value="Location.telecom.period.extension" />
      <slicing>
        <discriminator>
          <type value="value" />
          <path value="url" />
        </discriminator>
        <description value="Extensions are always sliced by (at least) url" />
        <rules value="open" />
      </slicing>
      <short value="Additional Content defined by implementations" />
      <definition value="May be used to represent additional information that is not part of the basic definition of the element. In order to make the use of extensions safe and manageable, there is a strict set of governance  applied to the definition and use of extensions. Though any implementer is allowed to define an extension, there is a set of requirements that SHALL be met as part of the definition of the extension." />
      <comment value="There can be no stigma associated with the use of extensions by any application, project, or standard - regardless of the institution or jurisdiction that uses or defines the extensions.  The use of extensions is what allows the FHIR specification to retain a core level of simplicity for everyone." />
      <alias value="extensions" />
      <alias value="user content" />
      <min value="0" />
      <max value="*" />
      <base>
        <path value="Element.extension" />
        <min value="0" />
        <max value="*" />
      </base>
      <type>
        <code value="Extension" />
      </type>
      <condition value="ele-1" />
      <constraint>
        <key value="ele-1" />
        <severity value="error" />
        <human value="All FHIR elements must have a @value or children" />
        <expression value="hasValue() | (children().count() &gt; id.count())" />
        <xpath value="@value|f:*|h:div" />
      </constraint>
      <constraint>
        <key value="ext-1" />
        <severity value="error" />
        <human value="Must have either extensions or value[x], not both" />
        <expression value="extension.exists() != value.exists()" />
        <xpath value="exists(f:extension)!=exists(f:*[starts-with(local-name(.), 'value')])" />
      </constraint>
      <mapping>
        <identity value="rim" />
        <map value="n/a" />
      </mapping>
      <mapping>
        <identity value="rim" />
        <map value="N/A" />
      </mapping>
    </element>
    <element id="Location.telecom.period.start">
      <path value="Location.telecom.period.start" />
      <short value="Starting time with inclusive boundary" />
      <definition value="The start of the period. The boundary is inclusive." />
      <comment value="If the low element is missing, the meaning is that the low boundary is not known." />
      <min value="0" />
      <max value="1" />
      <base>
        <path value="Period.start" />
        <min value="0" />
        <max value="1" />
      </base>
      <type>
        <code value="dateTime" />
      </type>
      <condition value="ele-1" />
      <condition value="per-1" />
      <constraint>
        <key value="ele-1" />
        <severity value="error" />
        <human value="All FHIR elements must have a @value or children" />
        <expression value="hasValue() | (children().count() &gt; id.count())" />
        <xpath value="@value|f:*|h:div" />
      </constraint>
      <isSummary value="true" />
      <mapping>
        <identity value="rim" />
        <map value="n/a" />
      </mapping>
      <mapping>
        <identity value="v2" />
        <map value="DR.1" />
      </mapping>
      <mapping>
        <identity value="rim" />
        <map value="./low" />
      </mapping>
    </element>
    <element id="Location.telecom.period.end">
      <path value="Location.telecom.period.end" />
      <short value="End time with inclusive boundary, if not ongoing" />
      <definition value="The end of the period. If the end of the period is missing, it means that the period is ongoing. The start may be in the past, and the end date in the future, which means that period is expected/planned to end at that time." />
      <comment value="The high value includes any matching date/time. i.e. 2012-02-03T10:00:00 is in a period that has a end value of 2012-02-03." />
      <min value="0" />
      <max value="1" />
      <base>
        <path value="Period.end" />
        <min value="0" />
        <max value="1" />
      </base>
      <type>
        <code value="dateTime" />
      </type>
      <meaningWhenMissing value="If the end of the period is missing, it means that the period is ongoing" />
      <condition value="ele-1" />
      <condition value="per-1" />
      <constraint>
        <key value="ele-1" />
        <severity value="error" />
        <human value="All FHIR elements must have a @value or children" />
        <expression value="hasValue() | (children().count() &gt; id.count())" />
        <xpath value="@value|f:*|h:div" />
      </constraint>
      <isSummary value="true" />
      <mapping>
        <identity value="rim" />
        <map value="n/a" />
      </mapping>
      <mapping>
        <identity value="v2" />
        <map value="DR.2" />
      </mapping>
      <mapping>
        <identity value="rim" />
        <map value="./high" />
      </mapping>
    </element>
    <element id="Location.address">
      <path value="Location.address" />
      <short value="Physical location" />
      <definition value="Physical location." />
      <comment value="This was kept as 0..1 as there is no use property on the address, so wouldn't be able to identify different address types." />
      <requirements value="If locations can be visited, we need to keep track of their address." />
      <min value="0" />
      <max value="0" />
      <base>
        <path value="Location.address" />
        <min value="0" />
        <max value="1" />
      </base>
      <type>
        <code value="Address" />
      </type>
      <condition value="ele-1" />
      <constraint>
        <key value="ele-1" />
        <severity value="error" />
        <human value="All FHIR elements must have a @value or children" />
        <expression value="hasValue() | (children().count() &gt; id.count())" />
        <xpath value="@value|f:*|h:div" />
      </constraint>
      <mapping>
        <identity value="rim" />
        <map value="n/a" />
      </mapping>
      <mapping>
        <identity value="v2" />
        <map value="XAD" />
      </mapping>
      <mapping>
        <identity value="rim" />
        <map value="AD" />
      </mapping>
      <mapping>
        <identity value="servd" />
        <map value="Address" />
      </mapping>
      <mapping>
        <identity value="rim" />
        <map value=".addr" />
      </mapping>
    </element>
    <element id="Location.physicalType">
      <path value="Location.physicalType" />
      <short value="Physical form of the location" />
      <definition value="Physical form of the location, e.g. building, room, vehicle, road." />
      <comment value="Not all terminology uses fit this general pattern. In some cases, models should not use CodeableConcept and use Coding directly and provide their own structure for managing text, codings, translations and the relationship between elements and pre- and post-coordination." />
      <requirements value="For purposes of showing relevant locations in queries, we need to categorize locations." />
      <min value="0" />
      <max value="1" />
      <base>
        <path value="Location.physicalType" />
        <min value="0" />
        <max value="1" />
      </base>
      <type>
        <code value="CodeableConcept" />
      </type>
      <condition value="ele-1" />
      <constraint>
        <key value="ele-1" />
        <severity value="error" />
        <human value="All FHIR elements must have a @value or children" />
        <expression value="hasValue() | (children().count() &gt; id.count())" />
        <xpath value="@value|f:*|h:div" />
      </constraint>
      <isSummary value="true" />
      <binding>
        <extension url="http://hl7.org/fhir/StructureDefinition/elementdefinition-bindingName">
          <valueString value="PhysicalType" />
        </extension>
        <strength value="example" />
        <description value="Physical form of the location" />
        <valueSetReference>
          <reference value="http://hl7.org/fhir/ValueSet/location-physical-type" />
        </valueSetReference>
      </binding>
      <mapping>
        <identity value="rim" />
        <map value="n/a" />
      </mapping>
      <mapping>
        <identity value="v2" />
        <map value="CE/CNE/CWE" />
      </mapping>
      <mapping>
        <identity value="rim" />
        <map value="CD" />
      </mapping>
      <mapping>
        <identity value="orim" />
        <map value="fhir:CodeableConcept rdfs:subClassOf dt:CD" />
      </mapping>
      <mapping>
        <identity value="rim" />
        <map value=".playingEntity [classCode=PLC].code" />
      </mapping>
      <mapping>
        <identity value="w5" />
        <map value="class" />
      </mapping>
    </element>
    <element id="Location.position">
      <path value="Location.position" />
      <short value="The absolute geographic location" />
      <definition value="The absolute geographic location of the Location, expressed using the WGS84 datum (This is the same co-ordinate system used in KML). " />
      <requirements value="For mobile applications and automated route-finding knowing the exact location of the Location is required." />
      <min value="0" />
      <max value="1" />
      <base>
        <path value="Location.position" />
        <min value="0" />
        <max value="1" />
      </base>
      <type>
        <code value="BackboneElement" />
      </type>
      <condition value="ele-1" />
      <constraint>
        <key value="ele-1" />
        <severity value="error" />
        <human value="All FHIR elements must have a @value or children" />
        <expression value="hasValue() | (children().count() &gt; id.count())" />
        <xpath value="@value|f:*|h:div" />
      </constraint>
      <mapping>
        <identity value="rim" />
        <map value="n/a" />
      </mapping>
      <mapping>
        <identity value="rim" />
        <map value=".playingEntity [classCode=PLC determinerCode=INSTANCE].positionText" />
      </mapping>
    </element>
    <element id="Location.position.id">
      <path value="Location.position.id" />
      <representation value="xmlAttr" />
      <short value="xml:id (or equivalent in JSON)" />
      <definition value="unique id for the element within a resource (for internal references). This may be any string value that does not contain spaces." />
      <comment value="Note that FHIR strings may not exceed 1MB in size" />
      <min value="0" />
      <max value="1" />
      <base>
        <path value="Element.id" />
        <min value="0" />
        <max value="1" />
      </base>
      <type>
        <code value="string" />
      </type>
      <condition value="ele-1" />
      <constraint>
        <key value="ele-1" />
        <severity value="error" />
        <human value="All FHIR elements must have a @value or children" />
        <expression value="hasValue() | (children().count() &gt; id.count())" />
        <xpath value="@value|f:*|h:div" />
      </constraint>
      <mapping>
        <identity value="rim" />
        <map value="n/a" />
      </mapping>
    </element>
    <element id="Location.position.extension">
      <path value="Location.position.extension" />
      <slicing>
        <discriminator>
          <type value="value" />
          <path value="url" />
        </discriminator>
        <description value="Extensions are always sliced by (at least) url" />
        <rules value="open" />
      </slicing>
      <short value="Additional Content defined by implementations" />
      <definition value="May be used to represent additional information that is not part of the basic definition of the element. In order to make the use of extensions safe and manageable, there is a strict set of governance  applied to the definition and use of extensions. Though any implementer is allowed to define an extension, there is a set of requirements that SHALL be met as part of the definition of the extension." />
      <comment value="There can be no stigma associated with the use of extensions by any application, project, or standard - regardless of the institution or jurisdiction that uses or defines the extensions.  The use of extensions is what allows the FHIR specification to retain a core level of simplicity for everyone." />
      <alias value="extensions" />
      <alias value="user content" />
      <min value="0" />
      <max value="*" />
      <base>
        <path value="Element.extension" />
        <min value="0" />
        <max value="*" />
      </base>
      <type>
        <code value="Extension" />
      </type>
      <condition value="ele-1" />
      <constraint>
        <key value="ele-1" />
        <severity value="error" />
        <human value="All FHIR elements must have a @value or children" />
        <expression value="hasValue() | (children().count() &gt; id.count())" />
        <xpath value="@value|f:*|h:div" />
      </constraint>
      <constraint>
        <key value="ext-1" />
        <severity value="error" />
        <human value="Must have either extensions or value[x], not both" />
        <expression value="extension.exists() != value.exists()" />
        <xpath value="exists(f:extension)!=exists(f:*[starts-with(local-name(.), 'value')])" />
      </constraint>
      <mapping>
        <identity value="rim" />
        <map value="n/a" />
      </mapping>
      <mapping>
        <identity value="rim" />
        <map value="N/A" />
      </mapping>
    </element>
    <element id="Location.position.modifierExtension">
      <path value="Location.position.modifierExtension" />
      <short value="Extensions that cannot be ignored" />
      <definition value="May be used to represent additional information that is not part of the basic definition of the element, and that modifies the understanding of the element that contains it. Usually modifier elements provide negation or qualification. In order to make the use of extensions safe and manageable, there is a strict set of governance applied to the definition and use of extensions. Though any implementer is allowed to define an extension, there is a set of requirements that SHALL be met as part of the definition of the extension. Applications processing a resource are required to check for modifier extensions." />
      <comment value="There can be no stigma associated with the use of extensions by any application, project, or standard - regardless of the institution or jurisdiction that uses or defines the extensions.  The use of extensions is what allows the FHIR specification to retain a core level of simplicity for everyone." />
      <alias value="extensions" />
      <alias value="user content" />
      <alias value="modifiers" />
      <min value="0" />
      <max value="*" />
      <base>
        <path value="BackboneElement.modifierExtension" />
        <min value="0" />
        <max value="*" />
      </base>
      <type>
        <code value="Extension" />
      </type>
      <condition value="ele-1" />
      <constraint>
        <key value="ele-1" />
        <severity value="error" />
        <human value="All FHIR elements must have a @value or children" />
        <expression value="hasValue() | (children().count() &gt; id.count())" />
        <xpath value="@value|f:*|h:div" />
      </constraint>
      <constraint>
        <key value="ext-1" />
        <severity value="error" />
        <human value="Must have either extensions or value[x], not both" />
        <expression value="extension.exists() != value.exists()" />
        <xpath value="exists(f:extension)!=exists(f:*[starts-with(local-name(.), 'value')])" />
      </constraint>
      <isModifier value="true" />
      <isSummary value="true" />
      <mapping>
        <identity value="rim" />
        <map value="n/a" />
      </mapping>
      <mapping>
        <identity value="rim" />
        <map value="N/A" />
      </mapping>
    </element>
    <element id="Location.position.longitude">
      <path value="Location.position.longitude" />
      <short value="Longitude with WGS84 datum" />
      <definition value="Longitude. The value domain and the interpretation are the same as for the text of the longitude element in KML (see notes below)." />
      <comment value="Do not use a IEEE type floating point type, instead use something that works like a true decimal, with inbuilt precision (e.g. Java BigInteger)" />
      <min value="1" />
      <max value="1" />
      <base>
        <path value="Location.position.longitude" />
        <min value="1" />
        <max value="1" />
      </base>
      <type>
        <code value="decimal" />
      </type>
      <condition value="ele-1" />
      <constraint>
        <key value="ele-1" />
        <severity value="error" />
        <human value="All FHIR elements must have a @value or children" />
        <expression value="hasValue() | (children().count() &gt; id.count())" />
        <xpath value="@value|f:*|h:div" />
      </constraint>
      <mapping>
        <identity value="rim" />
        <map value="n/a" />
      </mapping>
      <mapping>
        <identity value="rim" />
        <map value="(RIM Opted not to map the sub-elements of GPS location, is now an OBS)" />
      </mapping>
    </element>
    <element id="Location.position.latitude">
      <path value="Location.position.latitude" />
      <short value="Latitude with WGS84 datum" />
      <definition value="Latitude. The value domain and the interpretation are the same as for the text of the latitude element in KML (see notes below)." />
      <comment value="Do not use a IEEE type floating point type, instead use something that works like a true decimal, with inbuilt precision (e.g. Java BigInteger)" />
      <min value="1" />
      <max value="1" />
      <base>
        <path value="Location.position.latitude" />
        <min value="1" />
        <max value="1" />
      </base>
      <type>
        <code value="decimal" />
      </type>
      <condition value="ele-1" />
      <constraint>
        <key value="ele-1" />
        <severity value="error" />
        <human value="All FHIR elements must have a @value or children" />
        <expression value="hasValue() | (children().count() &gt; id.count())" />
        <xpath value="@value|f:*|h:div" />
      </constraint>
      <mapping>
        <identity value="rim" />
        <map value="n/a" />
      </mapping>
      <mapping>
        <identity value="rim" />
        <map value="(RIM Opted not to map the sub-elements of GPS location, is now an OBS)" />
      </mapping>
    </element>
    <element id="Location.position.altitude">
      <path value="Location.position.altitude" />
      <short value="Altitude with WGS84 datum" />
      <definition value="Altitude. The value domain and the interpretation are the same as for the text of the altitude element in KML (see notes below)." />
      <comment value="Do not use a IEEE type floating point type, instead use something that works like a true decimal, with inbuilt precision (e.g. Java BigInteger)" />
      <min value="0" />
      <max value="0" />
      <base>
        <path value="Location.position.altitude" />
        <min value="0" />
        <max value="1" />
      </base>
      <type>
        <code value="decimal" />
      </type>
      <condition value="ele-1" />
      <constraint>
        <key value="ele-1" />
        <severity value="error" />
        <human value="All FHIR elements must have a @value or children" />
        <expression value="hasValue() | (children().count() &gt; id.count())" />
        <xpath value="@value|f:*|h:div" />
      </constraint>
      <mapping>
        <identity value="rim" />
        <map value="n/a" />
      </mapping>
      <mapping>
        <identity value="rim" />
        <map value="(RIM Opted not to map the sub-elements of GPS location, is now an OBS)" />
      </mapping>
    </element>
    <element id="Location.managingOrganization">
      <path value="Location.managingOrganization" />
      <short value="Organization responsible for provisioning and upkeep" />
      <definition value="The organization responsible for the provisioning and upkeep of the location." />
      <comment value="This can also be used as the part of the organization hierarchy where this location provides services. These services can be defined through the HealthcareService resource." />
      <requirements value="Need to know who manages the location." />
      <min value="0" />
      <max value="1" />
      <base>
        <path value="Location.managingOrganization" />
        <min value="0" />
        <max value="1" />
      </base>
      <type>
        <code value="Reference" />
        <targetProfile value="http://hl7.org/fhir/StructureDefinition/Organization" />
      </type>
      <condition value="ele-1" />
      <constraint>
        <key value="ele-1" />
        <severity value="error" />
        <human value="All FHIR elements must have a @value or children" />
        <expression value="hasValue() | (children().count() &gt; id.count())" />
        <xpath value="@value|f:*|h:div" />
      </constraint>
      <constraint>
        <key value="ref-1" />
        <severity value="error" />
        <human value="SHALL have a contained resource if a local reference is provided" />
        <expression value="reference.startsWith('#').not() or (reference.substring(1).trace('url') in %resource.contained.id.trace('ids'))" />
        <xpath value="not(starts-with(f:reference/@value, '#')) or exists(ancestor::*[self::f:entry or self::f:parameter]/f:resource/f:*/f:contained/f:*[f:id/@value=substring-after(current()/f:reference/@value, '#')]|/*/f:contained/f:*[f:id/@value=substring-after(current()/f:reference/@value, '#')])" />
      </constraint>
      <isSummary value="true" />
      <mapping>
        <identity value="rim" />
        <map value="n/a" />
      </mapping>
      <mapping>
        <identity value="rim" />
        <map value="The target of a resource reference is a RIM entry point (Act, Role, or Entity)" />
      </mapping>
      <mapping>
        <identity value="rim" />
        <map value=".scopingEntity[classCode=ORG determinerKind=INSTANCE]" />
      </mapping>
    </element>
    <element id="Location.partOf">
      <path value="Location.partOf" />
      <short value="Another Location this one is physically part of" />
      <definition value="Another Location which this Location is physically part of." />
      <comment value="References SHALL be a reference to an actual FHIR resource, and SHALL be resolveable (allowing for access control, temporary unavailability, etc). Resolution can be either by retrieval from the URL, or, where applicable by resource type, by treating an absolute reference as a canonical URL and looking it up in a local registry/repository." />
      <requirements value="For purposes of location, display and identification, knowing which locations are located within other locations is important." />
      <min value="0" />
      <max value="0" />
      <base>
        <path value="Location.partOf" />
        <min value="0" />
        <max value="1" />
      </base>
      <type>
        <code value="Reference" />
        <targetProfile value="http://hl7.org/fhir/StructureDefinition/Location" />
      </type>
      <condition value="ele-1" />
      <constraint>
        <key value="ele-1" />
        <severity value="error" />
        <human value="All FHIR elements must have a @value or children" />
        <expression value="hasValue() | (children().count() &gt; id.count())" />
        <xpath value="@value|f:*|h:div" />
      </constraint>
      <constraint>
        <key value="ref-1" />
        <severity value="error" />
        <human value="SHALL have a contained resource if a local reference is provided" />
        <expression value="reference.startsWith('#').not() or (reference.substring(1).trace('url') in %resource.contained.id.trace('ids'))" />
        <xpath value="not(starts-with(f:reference/@value, '#')) or exists(ancestor::*[self::f:entry or self::f:parameter]/f:resource/f:*/f:contained/f:*[f:id/@value=substring-after(current()/f:reference/@value, '#')]|/*/f:contained/f:*[f:id/@value=substring-after(current()/f:reference/@value, '#')])" />
      </constraint>
      <mapping>
        <identity value="rim" />
        <map value="n/a" />
      </mapping>
      <mapping>
        <identity value="rim" />
        <map value="The target of a resource reference is a RIM entry point (Act, Role, or Entity)" />
      </mapping>
      <mapping>
        <identity value="rim" />
        <map value=".inboundLink[typeCode=PART].source[classCode=SDLC]" />
      </mapping>
    </element>
    <element id="Location.endpoint">
      <path value="Location.endpoint" />
      <short value="Technical endpoints providing access to services operated for the location" />
      <definition value="Technical endpoints providing access to services operated for the location." />
      <comment value="References SHALL be a reference to an actual FHIR resource, and SHALL be resolveable (allowing for access control, temporary unavailability, etc). Resolution can be either by retrieval from the URL, or, where applicable by resource type, by treating an absolute reference as a canonical URL and looking it up in a local registry/repository." />
      <requirements value="Organizations may have different systems at different locations that provide various services and need to be able to define the technical connection details for how to connect to them, and for what purpose." />
      <min value="0" />
      <max value="0" />
      <base>
        <path value="Location.endpoint" />
        <min value="0" />
        <max value="*" />
      </base>
      <type>
        <code value="Reference" />
        <targetProfile value="http://hl7.org/fhir/StructureDefinition/Endpoint" />
      </type>
      <condition value="ele-1" />
      <constraint>
        <key value="ele-1" />
        <severity value="error" />
        <human value="All FHIR elements must have a @value or children" />
        <expression value="hasValue() | (children().count() &gt; id.count())" />
        <xpath value="@value|f:*|h:div" />
      </constraint>
      <constraint>
        <key value="ref-1" />
        <severity value="error" />
        <human value="SHALL have a contained resource if a local reference is provided" />
        <expression value="reference.startsWith('#').not() or (reference.substring(1).trace('url') in %resource.contained.id.trace('ids'))" />
        <xpath value="not(starts-with(f:reference/@value, '#')) or exists(ancestor::*[self::f:entry or self::f:parameter]/f:resource/f:*/f:contained/f:*[f:id/@value=substring-after(current()/f:reference/@value, '#')]|/*/f:contained/f:*[f:id/@value=substring-after(current()/f:reference/@value, '#')])" />
      </constraint>
      <mapping>
        <identity value="rim" />
        <map value="n/a" />
      </mapping>
      <mapping>
        <identity value="rim" />
        <map value="The target of a resource reference is a RIM entry point (Act, Role, or Entity)" />
      </mapping>
    </element>
  </snapshot>
  <differential>
    <element id="Location.extension">
      <path value="Location.extension" />
      <slicing>
        <discriminator>
          <type value="value" />
          <path value="url" />
        </discriminator>
        <rules value="open" />
      </slicing>
    </element>
    <element id="Location.extension:additionalPositionData">
      <path value="Location.extension" />
      <sliceName value="additionalPositionData" />
      <short value="Additional postition data" />
      <definition value="Additional position data describing the position measurement contains timestamp, altitudeMeters, horizontal accuracy, vertical accuracy, velocity and direction of travel" />
      <min value="0" />
      <max value="*" />
      <type>
        <code value="Extension" />
        <profile value="http://ehelse.no/fhir/StructureDefinition/vkp-additionalpositiondata-v05" />
      </type>
    </element>
    <element id="Location.identifier">
      <path value="Location.identifier" />
      <short value="Unique code or number identifying the location measurement" />
      <definition value="Unique code or number identifying the location measurement, should be UUID. Example: urn:uuid:2e82976a-35d6-4870-a4d5-d79abf772a8f" />
    </element>
    <element id="Location.status">
      <path value="Location.status" />
      <max value="0" />
    </element>
    <element id="Location.operationalStatus">
      <path value="Location.operationalStatus" />
      <max value="0" />
    </element>
    <element id="Location.name">
      <path value="Location.name" />
      <max value="0" />
    </element>
    <element id="Location.alias">
      <path value="Location.alias" />
      <max value="0" />
    </element>
    <element id="Location.description">
      <path value="Location.description" />
      <short value="Text describing interpretation of the location measurement" />
      <definition value="Used in the PCH Norway project to enter text to be displayed to the user describing the Location measurement. Example: &quot;user outside geofence&quot;" />
    </element>
    <element id="Location.mode">
      <path value="Location.mode" />
      <max value="0" />
    </element>
    <element id="Location.type">
      <path value="Location.type" />
      <max value="0" />
    </element>
    <element id="Location.telecom">
      <path value="Location.telecom" />
      <short value="URL for displaying of the measurement" />
      <definition value="URL to endpoint that displays additional details about the geoposition measurement." />
    </element>
    <element id="Location.telecom.system">
      <path value="Location.telecom.system" />
      <fixedCode value="url" />
    </element>
    <element id="Location.address">
      <path value="Location.address" />
      <max value="0" />
    </element>
    <element id="Location.position">
      <path value="Location.position" />
      <definition value="The absolute geographic location of the Location, expressed using the WGS84 datum (This is the same co-ordinate system used in KML). " />
    </element>
    <element id="Location.position.altitude">
      <path value="Location.position.altitude" />
      <max value="0" />
    </element>
    <element id="Location.partOf">
      <path value="Location.partOf" />
      <max value="0" />
    </element>
    <element id="Location.endpoint">
      <path value="Location.endpoint" />
      <max value="0" />
    </element>
  </differential>
</StructureDefinition>