<?xml version="1.0" encoding="UTF-8"?>
<Bundle xmlns="http://hl7.org/fhir" xmlns:xsi="http://www.w3.org/2001/XMLSchema-instance" xsi:schemaLocation="http://hl7.org/fhir ../../STU3/fhir-all-xsd/fhir-single.xsd">
<id value="0148af6b-4ef4-416a-aca4-dcb47fda5515"/>
	<type value="collection"/>
	<entry>
		<fullUrl value="urn:uuid:a53026df-cf5a-4779-b1ca-b97cf1ce9c43"/>
		<resource>
			<CarePlan>
				<identifier>
					<system value="urn:ietf:rfc:3986" />
					<value value="urn:uuid:f1d85976-a9eb-49b5-a07c-8423081976fe" />
				</identifier>
				<status value="active"/> <!-- draft | active | suspended | completed | entered-in-error | cancelled | unknown -->
				<intent value="plan"/> <!-- proposal | plan | order | option -->
				<!-- The code plan is used for defining the "tiltaksplan" that the user receives, and also for the "besøksplan". 
				The Code order is used for "tjenester" that the user has formal decision to receive -->
				<title value="Besøksplan for Ærlend Sørgård"/>
				<description value="Beskrivelse av planen"/> <!-- The actual "besøksplan" in human readable form -->
				<subject> <!-- Who the besøksplan is for, should be an uniqe identifier of the patient -->
					<identifier>
						<system value="http://ehelse.no/fhir/identifiertypes/FNR"/>
						<value value="05073500186"/>
					</identifier>
					<display value="Ærlend Sørgård"/>
				</subject>
				<period> <!-- Period when the besøksplan is active, missing end date means the tjeneste is ongoing -->
					<start value="2018-04-24T10:00:00.936+02:00"/>
				</period>
				<author> <!-- Defines who is responsible for the content of the besøksplan, should be an organization/tjeneste -->
					<identifier>
						<system value="http://ehelse.no/fhir/identifiertypes/HERID"/>
						<value value="102287"/>
					</identifier>
					<display value="Sykepleietjeneste, pleie- og omsorg"/>
				</author>
				<activity> <!-- Contents of besøksplan When more than one activity is added there should be more Appointment references and more Appointment resources added to the Bundle  -->
					<reference> <!-- Logical reference to the Appointment, The Appointmentis also added to the Bundle -->
						<identifier>
							<system value="urn:ietf:rfc:3986"/>
							<value value="urn:uuid:68d524e2-9616-4f47-9eaf-6fcf7f455bca"/>
						</identifier>
					</reference>
				</activity>
			</CarePlan>
		</resource>
	</entry>
	<entry>
		<resource>
			<Appointment xmlns="http://hl7.org/fhir" xmlns:xsi="http://www.w3.org/2001/XMLSchema-instance" xsi:schemaLocation="http://hl7.org/fhir ../../STU3/fhir-all-xsd/fhir-single.xsd">
				<identifier>
					<system value="urn:ietf:rfc:3986" />
					<value value="urn:uuid:68d524e2-9616-4f47-9eaf-6fcf7f455bca" />
				</identifier>
				<status value="booked"/>
				<start value="2018-05-03T10:00:00"/>
				<end value="2018-05-03T10:00:00"/>
				<participant> <!-- Either type or actor on the participant SHALL be specified, for the VKP appointments the type should be specified before the actal Practitioner fullfilling the appointment is decided-->
					<type>
						<coding>
							<system value="http://hl7.org/fhir/ValueSet/encounter-participant-type"/>
							<code value="PPRF"/> <!-- The primary performer -->
						</coding>
					</type>
					<actor> <!-- The actual performer in the appointment, Can be added when the responsible party is appointed -->
						<identifier>
							<system value="http://ehelse.no/fhir/identifiertypes/FNR"/>
							<value value="04056600324"/>
						</identifier>
						<display value="Magnar Koman"/>
					</actor>
					<status value="accepted"/>
				</participant>
			</Appointment>
		</resource>
	</entry>
</Bundle>