<?xml version="1.0" encoding="UTF-8"?>
<CarePlan xmlns="http://hl7.org/fhir" xmlns:xsi="http://www.w3.org/2001/XMLSchema-instance" xsi:schemaLocation="http://hl7.org/fhir ../../STU3/fhir-all-xsd/fhir-single.xsd">
	<meta>
		<profile value="http://ehelse.no/fhir/StructureDefinition/vkp-CarePlan-v06"/>
	</meta>
	<identifier>
		<system value="urn:ietf:rfc:3986"/>
		<value value="urn:uuid:c31de139-b58e-489d-9c44-450cad271558 "/>
	</identifier>
	<status value="active"/>
	<!-- draft | active | suspended | completed | entered-in-error | cancelled | unknown -->
	<intent value="order"/>
	<!-- proposal | plan | order | option -->
	<category>
		<coding>
			<system value="http://ehelse.no/fhir/CodeSystem/vkp-careplan-category-v05"/>
			<code value="2"/>
			<display value="tjeneste"/>
		</coding>
	</category>
	<title value="Direkte hjelp i huset"/>
	<subject>
		<!-- Who care Tjenesteoversikt is for, should be an uniqe identifier of the patient -->
		<identifier>
		<system value="urn:oid:2.16.578.1.12.4.1.4.1"/>
			<value value="01014549834"/>
		</identifier>
		<display value="Magnar Solbakken"/>
	</subject>
	<period>
		<!-- Period when the tjeneste is active, missing end date means the tjeneste is ongoing -->
		<start value="1931-11-02T10:00:00.936+02:00"/>
		<end value="2020-01-28"/>
	</period>
</CarePlan>
