<CodeSystem xmlns="http://hl7.org/fhir">
  <id value="kikj-typeCriticalInfoVerifiedNoKnown-codesystem" />
  <meta>
    <lastUpdated value="2018-03-09T09:14:26.794+01:00" />
  </meta>
  <url value="http://ehelse.no/fhir/ki/STU3/CodeSystem/kikj-typeCriticalInfoVerifiedNoKnown" />
  <version value="1.0" />
  <name value="kikj-typeKritiskInfoVerifiedNoKnown" />
  <status value="draft" />
  <publisher value="Direktoratet for e-helse" />
  <content value="complete" />
  <concept>
    <code value="adverse_reactions" />
    <display value="Overfølsomhetsreaksjoner" />
    <definition value="Overfølsomhetsreaksjoner" />
  </concept>
  <concept>
    <code value="anaesthetic_problems" />
    <display value="Komplikasjoner ved anestesi" />
    <definition value="Komplikasjoner ved anestesi" />
  </concept>
  <concept>
    <code value="medical_conditions_alerts" />
    <display value="Kritiske medisinske tilstander" />
    <definition value="Kritiske medisinske tilstander" />
  </concept>
  <concept>
    <code value="treatments_and_implants" />
    <display value="Pågående behandlinger / implantater" />
    <definition value="Pågående behandlinger / implantater" />
  </concept>
  <concept>
    <code value="deviation_from_guidelines" />
    <display value="Endringer i behandlingsrutiner" />
    <definition value="Endringer i behandlingsrutiner" />
  </concept>
  <concept>
    <code value="infectious_diseases" />
    <display value="Smitte" />
    <definition value="Smitte" />
  </concept>
</CodeSystem>